Submission id,Participant id,Status,Started at,Completed at,Reviewed at,Archived at,Time taken,Completion code,Total approvals,Age,Sex,Ethnicity simplified,Country of birth,Country of residence,Nationality,Language,Student status,Employment status
641da05a0964cb196ce91129,5bddfba7712eb800010d3a61,APPROVED,2023-03-24T13:06:34.699000Z,2023-03-24T13:28:01.691000Z,2023-03-24T13:28:02.296000Z,2023-03-24T13:28:03.684055Z,1287,C14BP128,947,53,Female,White,Italy,United Kingdom,Italy,Italian,No,Full-Time
641da05d2208720dbe5f465e,5b87c3f9e88caf0001b79375,APPROVED,2023-03-24T13:11:00.449000Z,2023-03-24T13:22:22.299000Z,2023-03-24T13:22:26.971000Z,2023-03-24T13:22:28.314209Z,682,C14BP128,1335,33,Female,Mixed,United Kingdom,United Kingdom,United Kingdom,English,No,Part-Time
641da05d5b25ceba997789eb,5d2b08784588590018cf70bb,APPROVED,2023-03-24T13:08:15.958000Z,2023-03-24T13:27:22.763000Z,2023-03-27T16:07:38.635000,2023-03-24T13:27:24.608714Z,1147,NOCODE,1470,55,Male,White,South Africa,United Kingdom,United Kingdom,English,No,DATA_EXPIRED
641da061d9ca2d2cf410e8dd,63fcfd532173ce9f787ddb9f,APPROVED,2023-03-24T13:08:25.101000Z,2023-03-28T12:37:53.687000Z,2023-03-28T12:37:53.980000Z,,343769,Manual Completion,69,54,Male,White,United Kingdom,United Kingdom,United Kingdom,English,No,Full-Time
641da0635b25ceba997789ec,62da562ad9942a440f6986c9,APPROVED,2023-03-24T13:06:43.421000Z,2023-03-24T13:18:24.500000Z,2023-03-24T13:18:24.953000,2023-03-24T13:18:24.877245Z,702,C14BP128,455,41,Male,White,United Kingdom,United Kingdom,United Kingdom,English,No,Full-Time
641da06398f1b1c8b6d4a3c5,595ceea8dd044900012ce64a,APPROVED,2023-03-24T13:08:40.922000Z,2023-03-24T13:53:27.663000Z,2023-03-24T13:53:31.646000Z,2023-03-24T13:53:31.829704Z,2687,C14BP128,1848,46,Female,White,United Kingdom,United Kingdom,United Kingdom,English,No,Full-Time
641da0659d563ca14e289396,5aafb6f2e1546900019b0772,APPROVED,2023-03-24T13:06:45.503000Z,2023-03-24T13:18:15.059000Z,2023-03-24T13:18:15.510000,2023-03-24T13:18:15.451035Z,690,C14BP128,2089,56,Male,White,United Kingdom,United Kingdom,United Kingdom,English,No,Full-Time
641da0694abb8e00c47bd2d0,60bceb1dcefc0afe67041489,APPROVED,2023-03-24T13:06:49.944000Z,2023-03-24T13:16:02.919000Z,2023-03-24T13:16:03.669000,2023-03-24T13:16:03.601162Z,553,C14BP128,1015,48,Male,White,United Kingdom,United Kingdom,United Kingdom,English,No,Full-Time
641da06ae6b835ae49199a33,627e7e91d0e389328983e765,APPROVED,2023-03-24T13:06:50.691000Z,2023-03-28T12:37:20.698000Z,2023-03-28T12:37:20.880000Z,,343831,Manual Completion,735,52,Male,White,United Kingdom,United Kingdom,United Kingdom,English,No,Full-Time
641da06fbd8a041e7f4344ac,5ca63ead08d8d10015d76a6b,APPROVED,2023-03-24T13:07:00.851000Z,2023-03-28T12:37:22.777000Z,2023-03-28T12:37:23.074000Z,,343822,Manual Completion,174,42,Female,White,United Kingdom,United Kingdom,United Kingdom,English,No,"Not in paid work (e.g. homemaker', 'retired or disabled)"
641da0746fc45ea0fbaef411,5ef647ec3ce68a1178780f5a,APPROVED,2023-03-24T13:07:00.445000Z,2023-03-24T14:05:49.556000Z,2023-03-24T14:05:50.118000,2023-03-24T14:05:50.061095Z,3530,C14BP128,1022,45,Female,White,United Kingdom,United Kingdom,United Kingdom,English,No,"Not in paid work (e.g. homemaker', 'retired or disabled)"
641da07dde7e83847d77ea32,63d13db0a6bc81fd0c0c516f,APPROVED,2023-03-24T13:07:12.104000Z,2023-03-28T12:37:29.483000Z,2023-03-28T12:37:31.490000Z,,343818,Manual Completion,77,20,Female,White,United Kingdom,United Kingdom,United Kingdom,English,Yes,Full-Time
641da08f21fdcd028ab592ae,64137087a26baa97a1348ce7,APPROVED,2023-03-24T13:09:15.279000Z,2023-03-24T13:27:31.834000Z,2023-03-24T13:27:32.353000,2023-03-24T13:27:32.275060Z,1097,C14BP128,22,21,Male,White,United Kingdom,United Kingdom,United Kingdom,English,Yes,Part-Time
641da0a307d00f19f6b1b6fa,56b0e4d16399f9000ad8d48f,APPROVED,2023-03-24T13:09:09.775000Z,2023-03-24T13:17:46.118000Z,2023-03-24T13:17:47.227000,2023-03-24T13:17:47.163213Z,517,C14BP128,1102,38,Female,DATA_EXPIRED,United Kingdom,United Kingdom,United Kingdom,English,DATA_EXPIRED,DATA_EXPIRED
641da0aacfb8a8e3b29e6f72,6154918f83e8ca861b23ea04,APPROVED,2023-03-24T13:10:09.529000Z,2023-03-24T13:39:07.660000Z,2023-03-24T13:39:09.231000,2023-03-24T13:39:09.168953Z,1739,C14BP128,1019,53,Female,White,United Kingdom,United Kingdom,United Kingdom,English,No,Full-Time
641da0b518f818fbf5bd8bcc,63d13d214a2a7a3987f88f5b,APPROVED,2023-03-24T13:08:16.100000Z,2023-03-24T13:29:47.817000Z,2023-03-24T13:29:48.313000,2023-03-24T13:29:48.237375Z,1292,C14BP128,110,31,Female,Asian,Hong Kong,United Kingdom,Hong Kong,Chinese,No,Full-Time
641da0c7aef2d1dae9995fa1,5c93de86cf602b000170c25d,APPROVED,2023-03-24T13:08:27.027000Z,2023-03-24T13:21:14.725000Z,2023-03-24T13:21:15.279000,2023-03-24T13:21:15.216379Z,768,C14BP128,687,37,Female,White,United Kingdom,United Kingdom,United Kingdom,English,No,Full-Time
641da0c9a7123e0364b592c3,612a87998958706392797405,APPROVED,2023-03-24T13:08:32.475000Z,2023-03-24T13:33:11.065000Z,2023-03-24T13:33:11.627000,2023-03-24T13:33:11.549982Z,1479,C14BP128,783,34,Female,White,Bulgaria,United Kingdom,Bulgaria,Bulgarian,No,Part-Time
641da0caa601418e6f9fc68c,5f778d553167a12eae0e1c00,APPROVED,2023-03-24T13:10:48.886000Z,2023-03-24T13:21:48.229000Z,2023-03-24T13:21:55.353000,2023-03-24T13:21:55.430309Z,660,C14BP128,1241,30,Female,White,United Kingdom,United Kingdom,United Kingdom,English,No,Full-Time
641da0d24f50139bf7dfc1dc,62b1eaacbc6e41266c8c35f1,APPROVED,2023-03-24T13:10:02.895000Z,2023-03-24T13:30:09.592000Z,2023-03-24T13:30:10.083000,2023-03-24T13:30:09.997958Z,1207,C14BP128,278,29,Male,White,United Kingdom,United Kingdom,United Kingdom,English,DATA_EXPIRED,DATA_EXPIRED
641da0d903a088f7be17bc4a,59e675a6c0d35a00012951ce,APPROVED,2023-03-24T13:08:44.577000Z,2023-03-24T13:18:51.587000Z,2023-03-24T13:18:52.020000,2023-03-24T13:18:51.958291Z,608,C14BP128,918,48,Female,White,United Kingdom,United Kingdom,United Kingdom,English,DATA_EXPIRED,DATA_EXPIRED
641da12527a9fe9a7171dccf,5a0a0b3afe645f0001e9f296,APPROVED,2023-03-24T13:10:02.813000Z,2023-03-24T13:29:56.729000Z,2023-03-24T13:29:57.177000,2023-03-24T13:29:57.094498Z,1194,C14BP128,1369,48,Female,White,United Kingdom,United Kingdom,United Kingdom,English,DATA_EXPIRED,DATA_EXPIRED
641da158f777361f86a32c54,59839cb9554956000142d95f,APPROVED,2023-03-24T13:11:04.038000Z,2023-03-24T13:27:15.643000Z,2023-03-24T13:27:16.030000,2023-03-24T13:27:15.969716Z,972,C14BP128,1482,51,Female,White,United Kingdom,United Kingdom,United Kingdom,English,No,"Not in paid work (e.g. homemaker', 'retired or disabled)"
641da17c3fdd80f7353df9b6,6160c8f657e3c4094b01614a,APPROVED,2023-03-24T13:11:24.601000Z,2023-03-24T14:09:34.608000Z,2023-03-28T12:35:21.007000,2023-03-24T14:09:35.421977Z,3491,NOCODE,962,35,Male,White,United Kingdom,United Kingdom,United Kingdom,English,No,Part-Time
641da1c6d1cd9341025d72dd,5ede01a612a7d6000bf2316f,APPROVED,2023-03-24T13:12:50.708000Z,2023-03-24T13:23:37.291000Z,2023-03-24T13:23:37.943000,2023-03-24T13:23:37.883649Z,647,C14BP128,674,26,Female,White,United Kingdom,United Kingdom,United Kingdom,English,No,"Not in paid work (e.g. homemaker', 'retired or disabled)"
641da1def950377efac8cd30,63d410b23af251fc009202cb,APPROVED,2023-03-24T13:13:15.341000Z,2023-03-24T13:24:54.913000Z,2023-03-24T13:24:55.650000,2023-03-24T13:24:55.588004Z,700,C14BP128,148,40,Male,White,United Kingdom,United Kingdom,United Kingdom,English,No,Full-Time
641da21874610603bfcd234e,5ad3a3824d061300011b2164,APPROVED,2023-03-24T13:14:05.740000Z,2023-03-24T13:30:39.819000Z,2023-03-28T12:35:24.063000,2023-03-24T13:30:40.302757Z,995,NOCODE,1320,43,Female,White,United Kingdom,United Kingdom,United Kingdom,English,DATA_EXPIRED,DATA_EXPIRED
641da2d10924be15fb87ee4e,582086da97b5100001b9b830,APPROVED,2023-03-24T13:19:24.127000Z,2023-03-24T13:31:15.459000Z,2023-03-24T13:31:15.946000,2023-03-24T13:31:15.886911Z,712,C14BP128,199,35,Female,White,United Kingdom,United Kingdom,United Kingdom,English,No,Other
641da2f3d36e678554992e7c,5efcf0c805671e11376ae93f,APPROVED,2023-03-24T13:17:42.846000Z,2023-03-24T13:26:10.436000Z,2023-03-24T13:26:10.982000,2023-03-24T13:26:10.899977Z,508,C14BP128,220,35,Female,White,United Kingdom,United Kingdom,United Kingdom,English,No,Full-Time
641da3550a015da7b8be093b,622e73ee8e552144c702f353,APPROVED,2023-03-24T13:19:33.267000Z,2023-03-24T13:46:10.462000Z,2023-03-24T13:46:10.951000,2023-03-24T13:46:10.870587Z,1598,C14BP128,155,55,Female,White,United Kingdom,United Kingdom,United Kingdom,English,No,Full-Time
641da367bb14b59a7041770f,62a3b97d41ae082b602e815b,APPROVED,2023-03-24T13:27:04.187000Z,2023-03-24T13:53:08.555000Z,2023-03-24T13:53:13.594000Z,2023-03-24T13:53:14.713883Z,1565,C14BP128,523,30,Male,White,United Kingdom,United Kingdom,United Kingdom,English,DATA_EXPIRED,DATA_EXPIRED
641da3a624702eefb7c8cd76,5f28196752b92a0a83d7a9db,APPROVED,2023-03-24T13:20:45.263000Z,2023-03-24T13:32:20.388000Z,2023-03-24T13:32:20.840000,2023-03-24T13:32:20.782629Z,696,C14BP128,444,31,Female,White,Latvia,United Kingdom,Latvia,Russian,No,Full-Time
641da3bc045916ec5d78bd60,5f075086646b9a32a8238dba,APPROVED,2023-03-24T13:21:03.124000Z,2023-03-24T13:27:25.389000Z,2023-03-24T13:27:25.872000,2023-03-24T13:27:25.795024Z,383,C14BP128,361,28,Female,White,United Kingdom,United Kingdom,United Kingdom,English,No,"Not in paid work (e.g. homemaker', 'retired or disabled)"
641da3dc43a75425ee44067f,5adec594e0feeb0001cacf00,APPROVED,2023-03-24T13:22:11.954000Z,2023-03-24T13:30:06.174000Z,2023-03-28T12:35:41.024000,2023-03-24T13:30:06.582013Z,475,NOCODE,1154,52,Male,White,United Kingdom,United Kingdom,United Kingdom,English,No,Full-Time
641da3f5f950377efac8cd5d,5edca29654fe059801608fc0,APPROVED,2023-03-24T13:22:00.824000Z,2023-03-24T13:35:23.182000Z,2023-03-24T13:35:23.628000,2023-03-24T13:35:23.560202Z,803,C14BP128,870,38,Female,White,United Kingdom,United Kingdom,United Kingdom,English,No,Part-Time
641da45b7b7f0e844c44069f,5cb8d06a75c0e10001540418,APPROVED,2023-03-24T13:24:49.271000Z,2023-03-24T13:37:11.245000Z,2023-03-24T13:37:11.731000,2023-03-24T13:37:11.671477Z,742,C14BP128,1451,41,Male,White,United Kingdom,United Kingdom,United Kingdom,English,No,Full-Time
641da47992884fe8a887ee8b,5d82034b49f7b600197e5315,APPROVED,2023-03-24T13:24:13.167000Z,2023-03-24T13:30:19.659000Z,2023-03-28T12:35:43.131000,2023-03-24T13:30:20.314886Z,367,NOCODE,52,26,Female,White,United Kingdom,United Kingdom,United Kingdom,English,Yes,Full-Time
641da526d2b79f2a42992ec3,5d459cd66f084f00151bd226,APPROVED,2023-03-24T13:27:29.460000Z,2023-03-24T13:44:17.648000Z,2023-03-24T13:44:18.317000,2023-03-24T13:44:18.252748Z,1009,C14BP128,1161,25,Male,White,United Kingdom,United Kingdom,United Kingdom,English,No,Full-Time
641da52c598d2b65b5fc6d7a,63dff8bf03e29837eef8a379,APPROVED,2023-03-24T13:27:20.703000Z,2023-03-24T13:52:34.275000Z,2023-03-24T13:52:35.076000,2023-03-24T13:52:35.018765Z,1514,C14BP128,46,49,Female,White,United Kingdom,United Kingdom,United Kingdom,English,No,"Not in paid work (e.g. homemaker', 'retired or disabled)"
641da5838746b56d66f38583,58d9364748a05500011713fd,APPROVED,2023-03-24T13:28:41.671000Z,2023-03-28T12:38:05.966000Z,2023-03-28T12:38:06.181000Z,,342565,Manual Completion,719,39,Female,White,United Kingdom,United Kingdom,United Kingdom,English,No,Part-Time
641da605597464193cfc6d4a,6400d919945d23676a68b781,APPROVED,2023-03-24T13:30:49.141000Z,2023-03-24T13:40:46.077000Z,2023-03-24T13:40:46.522000,2023-03-24T13:40:46.455326Z,597,C14BP128,30,27,Female,White,Luxembourg,United Kingdom,Luxembourg,German,No,Full-Time
641da7ec69ff97129b3df9e5,57027b6768c641000e0c894a,APPROVED,2023-03-24T13:38:56.223000Z,2023-03-28T12:37:55.645000Z,2023-03-28T12:37:55.900000Z,,341940,Manual Completion,881,41,Female,White,United Kingdom,United Kingdom,United Kingdom,English,DATA_EXPIRED,DATA_EXPIRED
641da7f9e76ea2bf6b7a9583,5f09068244f84c18faaa74bc,APPROVED,2023-03-24T13:39:31.502000Z,2023-03-24T13:55:42.252000Z,2023-03-24T13:55:42.740000,2023-03-24T13:55:42.676792Z,971,C14BP128,905,22,Male,White,United Kingdom,United Kingdom,United Kingdom,English,DATA_EXPIRED,DATA_EXPIRED
641da8418ff45cbf14166551,63ea42504d477a5fc21236d4,APPROVED,2023-03-24T13:40:17.449000Z,2023-03-24T14:21:00.669000Z,2023-03-24T14:21:01.115000,2023-03-24T14:21:01.052031Z,2444,C14BP128,84,29,Male,Asian,United Kingdom,United Kingdom,United Kingdom,English,Yes,Full-Time
641da875a6e48986425355d6,5eb9697b651aca0436adfe9d,APPROVED,2023-03-24T13:41:12.946000Z,2023-03-24T13:52:49.321000Z,2023-03-28T12:35:44.914000,2023-03-24T13:52:49.963244Z,697,NOCODE,814,34,Female,White,New Zealand,United Kingdom,New Zealand,English,No,Full-Time
641da8903385a40fc2ab8e20,62c7e2035db496124cf69b56,APPROVED,2023-03-24T13:41:41.446000Z,2023-03-24T13:58:27.687000Z,2023-03-24T13:58:28.127000,2023-03-24T13:58:28.046239Z,1007,C14BP128,498,45,Female,White,United Kingdom,United Kingdom,United Kingdom,English,No,Full-Time
641da93fec0a0065798352b6,63cff1f3f6837928721fe2ef,APPROVED,2023-03-24T13:45:31.694000Z,2023-03-24T14:05:14.109000Z,2023-03-24T14:05:14.617000,2023-03-24T14:05:14.554903Z,1183,C14BP128,33,25,Male,Asian,Pakistan,United Kingdom,Pakistan,English,Yes,DATA_EXPIRED
641dab4ad4851182e8835274,5c42f9388bb6fd000163d1b4,APPROVED,2023-03-24T13:53:18.392000Z,2023-03-28T12:37:34.391000Z,2023-03-28T12:37:34.819000Z,,341056,Manual Completion,565,45,Male,White,United Kingdom,United Kingdom,United Kingdom,English,No,Part-Time
641dacd913055d477359841a,63d140059a1a559c554e7e68,APPROVED,2023-03-24T13:59:59.917000Z,2023-03-24T14:11:40.858000Z,2023-03-24T14:11:43.516000,2023-03-24T14:11:43.629594Z,701,C14BP128,122,41,Male,White,United Kingdom,United Kingdom,United Kingdom,English,No,Full-Time
641dad80fe7a783ef1532060,613f1d6420141eefc3e5f1b0,APPROVED,2023-03-24T14:03:00.334000Z,2023-03-24T14:30:56.331000Z,2023-03-24T14:30:56.833000,2023-03-24T14:30:56.768200Z,1676,C14BP128,469,43,Female,White,United Kingdom,United Kingdom,United Kingdom,English,No,"Not in paid work (e.g. homemaker', 'retired or disabled)"
641daeb0e6629fd64e836e51,5f85f0cab3f4e20ebf578203,APPROVED,2023-03-24T14:07:48.947000Z,2023-03-24T15:55:28.384000Z,2023-03-28T12:35:30.848000,2023-03-24T15:55:28.729440Z,6460,NOCODE,394,31,Male,Black,DATA_EXPIRED,United Kingdom,United Kingdom,Swahili,No,Full-Time
641daf071e472bd1289a3177,5d990479ab3e03001624c314,APPROVED,2023-03-24T14:09:18.736000Z,2023-03-24T14:34:23.360000Z,2023-03-28T12:35:48.404000,2023-03-24T14:34:23.893551Z,1505,NOCODE,192,35,Female,White,United Kingdom,United Kingdom,United Kingdom,English,No,Part-Time
641db013567ac8027178bd6f,5b5504e902660200017948c3,APPROVED,2023-03-24T14:13:39.677000Z,2023-03-28T12:37:46.134000Z,2023-03-28T12:37:46.434000Z,,339847,Manual Completion,1257,48,Male,White,United Kingdom,United Kingdom,United Kingdom,English,No,"Not in paid work (e.g. homemaker', 'retired or disabled)"
641db095fe7a783ef15320bf,56c393c495cf7f000b956b25,APPROVED,2023-03-24T14:15:49.687000Z,2023-03-24T14:45:17.083000Z,2023-03-24T14:45:17.495000,2023-03-24T14:45:17.439824Z,1768,C14BP128,2927,30,Male,Black,United Kingdom,United Kingdom,United Kingdom,English,No,Full-Time
641db16d18b8652179dbd2e0,636928ef51cdaf360bebba1e,APPROVED,2023-03-24T14:19:31.828000Z,2023-03-28T12:37:06.569000Z,2023-03-28T12:37:06.747000Z,,339455,Manual Completion,224,49,Male,White,United Kingdom,United Kingdom,United Kingdom,English,No,"Not in paid work (e.g. homemaker', 'retired or disabled)"
641db28d7d300b3f7d7ea862,5ec5b2f06ec5296104b51897,APPROVED,2023-03-24T14:24:20.662000Z,2023-03-24T14:57:32.244000Z,2023-03-24T14:57:32.799000,2023-03-24T14:57:32.717453Z,1992,C14BP128,285,33,Male,Black,Zimbabwe,United Kingdom,Zimbabwe,English,No,Full-Time
641db302461a260ff9c8cd97,606dc9d8b666d8ce1dc6167b,APPROVED,2023-03-24T14:26:15.293000Z,2023-03-27T13:42:35.048000Z,2023-03-27T13:42:35.228000Z,,256580,Manual Completion,493,25,Female,White,United Kingdom,United Kingdom,United Kingdom,English,Yes,DATA_EXPIRED
641db5e1e3236d014de46aff,5f1c62b6554a0f4f129c75fd,APPROVED,2023-03-24T14:38:25.926000Z,2023-03-24T14:49:41.337000Z,2023-03-24T14:49:41.777000Z,2023-03-24T14:49:42.139697Z,676,C14BP128,504,20,Female,Asian,United Kingdom,United Kingdom,United Kingdom,English,Yes,Part-Time
641db630d58e1dc3afab8e60,62b055a21e169809861b173d,APPROVED,2023-03-24T14:39:55.219000Z,2023-03-24T14:47:37.258000Z,2023-03-24T14:47:37.721000,2023-03-24T14:47:37.642594Z,463,C14BP128,185,32,Male,White,United Kingdom,United Kingdom,United Kingdom,English,No,Full-Time
641db69f8cd20d70b6b079fe,63e812a9bbba876a34f1a8b3,APPROVED,2023-03-24T14:43:02.258000Z,2023-03-24T15:16:20.406000Z,2023-03-24T15:16:21.432000,2023-03-24T15:16:21.363126Z,1999,C14BP128,34,77,Female,White,United Kingdom,United Kingdom,United Kingdom,English,No,"Not in paid work (e.g. homemaker', 'retired or disabled)"
641db6e2461b85c91ebe0950,5c462f70f5bbb70001b2f902,APPROVED,2023-03-24T14:43:40.411000Z,2023-03-24T14:51:05.366000Z,2023-03-24T14:51:05.883000,2023-03-24T14:51:05.808783Z,445,C14BP128,814,39,Female,White,United Kingdom,United Kingdom,United Kingdom,English,No,Part-Time
641db807320a9c120fcd235d,62b5fea64b239d91783414ff,APPROVED,2023-03-24T14:47:35.839000Z,2023-03-24T15:11:15.652000Z,2023-03-24T15:11:16.223000,2023-03-24T15:11:16.158999Z,1420,C14BP128,528,27,Male,Black,United Kingdom,United Kingdom,United Kingdom,English,No,DATA_EXPIRED
641db95566f64e4b4506e960,5718a9c4dd9ef10013df01f0,APPROVED,2023-03-24T14:55:02.825000Z,2023-03-24T15:13:41.452000Z,2023-03-24T15:13:42.083000Z,2023-03-24T15:13:43.139881Z,1119,C14BP128,2642,37,Female,White,United Kingdom,United Kingdom,United Kingdom,English,No,Full-Time
641db9ebf684f2c5e5fa5639,5d791761790bf400014122ec,APPROVED,2023-03-24T14:56:31.211000Z,2023-03-24T15:48:29.334000Z,2023-03-24T15:48:30.236000,2023-03-24T15:48:30.146359Z,3119,C14BP128,930,37,Female,White,Romania,United Kingdom,Romania,Romanian,No,Other
641dbb3fbe9dd09fad9bc173,6271219c2f0fd73e4d217a77,APPROVED,2023-03-24T15:01:32.552000Z,2023-03-27T16:16:08.299000Z,2023-03-27T16:16:08.485000Z,,263676,Manual Completion,176,32,Male,Black,Portugal,United Kingdom,Portugal,Portuguese,No,Part-Time
641dbca4e6978c0aaff400aa,5eea3abe701f9c083b4344d4,APPROVED,2023-03-24T15:07:18.963000Z,2023-03-31T10:21:20.017000Z,2023-03-31T10:21:20.280000Z,,587642,Manual Completion,535,DATA_EXPIRED,Female,DATA_EXPIRED,DATA_EXPIRED,United Kingdom,United Kingdom,English,No,DATA_EXPIRED
641dbdd30e88e0a5f79a1697,5c322f84508b7a0001fcb70d,APPROVED,2023-03-24T15:12:24.605000Z,2023-03-24T15:27:37.658000Z,2023-03-24T15:27:38.081000,2023-03-24T15:27:38.011595Z,914,C14BP128,1044,40,Male,White,United Kingdom,United Kingdom,United Kingdom,English,Yes,Full-Time
641dbe2ed9ced10bb9f678ae,5f19675f002f9a01e273dc57,APPROVED,2023-03-24T15:13:57.810000Z,2023-03-24T15:23:51.720000Z,2023-03-24T15:23:53.279000,2023-03-24T15:23:53.212276Z,594,C14BP128,734,52,Female,White,United Kingdom,United Kingdom,United Kingdom,English,Yes,DATA_EXPIRED
641dbe808ff060febe833a7d,5876428ceae9d5000140eb16,APPROVED,2023-03-24T15:15:20.507000Z,2023-03-24T15:43:51.059000Z,2023-03-28T12:35:32.715000,2023-03-24T15:43:51.429312Z,1711,NOCODE,155,54,Female,White,United Kingdom,United Kingdom,United Kingdom,English,No,Part-Time
641dbed48196835a07a5aed7,5a913c1e6475f900019f8e5c,APPROVED,2023-03-24T15:16:46.602000Z,2023-03-28T12:37:44.917000Z,2023-03-28T12:37:45.211000Z,,336059,Manual Completion,1296,64,Male,White,United Kingdom,United Kingdom,United Kingdom,English,No,"Not in paid work (e.g. homemaker', 'retired or disabled)"
641dbed5e8885f2879c7b0e9,6400ddd5862feacb5794750b,APPROVED,2023-03-24T15:16:37.942000Z,2023-03-24T15:24:30.398000Z,2023-03-24T15:24:30.882000,2023-03-24T15:24:30.816299Z,473,C14BP128,46,40,Male,White,United Kingdom,United Kingdom,United Kingdom,English,Yes,Full-Time
641dbf1d83f04187c0d0d40d,623478b74666adc4ae9be6ab,APPROVED,2023-03-24T15:17:49.304000Z,2023-03-24T15:27:57.772000Z,2023-03-24T15:27:58.254000,2023-03-24T15:27:58.169464Z,609,C14BP128,580,32,Male,White,United Kingdom,United Kingdom,United Kingdom,English,No,Full-Time
641dbfa54937a4653d435cb4,59f392ef9618dc0001d33a58,APPROVED,2023-03-24T15:20:10.751000Z,2023-03-24T16:24:47.290000Z,2023-03-24T16:24:47.726000,2023-03-24T16:24:47.670373Z,3877,C14BP128,1218,40,Female,White,United Kingdom,United Kingdom,United Kingdom,English,No,Part-Time
641dc009a3a18af7bee95771,63718368eb248cc9835e70ff,APPROVED,2023-03-24T15:21:47.895000Z,2023-03-24T15:47:46.769000Z,2023-03-24T15:47:47.273000,2023-03-24T15:47:47.218202Z,1559,C14BP128,42,59,Female,White,United Kingdom,United Kingdom,United Kingdom,English,No,Part-Time
641dc1ce32af74d44037a054,60de4cc94dfda4d9e1948e6d,APPROVED,2023-03-24T15:30:00.710000Z,2023-03-24T15:46:39.854000Z,2023-03-24T15:46:40.315000,2023-03-24T15:46:40.223190Z,1000,C14BP128,450,20,Female,White,United Kingdom,United Kingdom,United Kingdom,English,Yes,DATA_EXPIRED
641dc432f2af4c10749a1697,5c0873675b32d500012e3f2c,APPROVED,2023-03-24T15:39:36.333000Z,2023-03-24T16:29:30.719000Z,2023-03-24T16:29:31.724000,2023-03-24T16:29:31.654048Z,2995,C14BP128,1974,61,Female,White,United Kingdom,United Kingdom,United Kingdom,English,No,"Not in paid work (e.g. homemaker', 'retired or disabled)"
641dc5239dfa0666e3fd9a21,5360c37cfdf99b02ccc08fcb,APPROVED,2023-03-24T15:43:35.891000Z,2023-03-24T15:50:19.118000Z,2023-03-28T12:35:54.025000,2023-03-24T15:50:23.929231Z,404,NOCODE,993,30,Female,White,United Kingdom,United Kingdom,United Kingdom,English,DATA_EXPIRED,DATA_EXPIRED
641dc589beab704846489dae,5d5317c8f780730018f2c748,APPROVED,2023-03-24T15:45:13.436000Z,2023-03-24T16:03:53.587000Z,2023-03-24T16:03:54.111000,2023-03-24T16:03:54.018615Z,1121,C14BP128,171,37,Male,White,United Kingdom,United Kingdom,United Kingdom,English,No,Full-Time
641dc61428b1a1501013ad99,5ec581cf622b97588396783f,APPROVED,2023-03-24T15:47:32.248000Z,2023-03-28T12:38:04.645000Z,2023-03-28T12:38:04.892000Z,,334233,Manual Completion,466,31,Female,White,United Kingdom,United Kingdom,United Kingdom,English,No,DATA_EXPIRED
641dc658c1af6aaa1b4d42f3,641379405684937e6fad9f1b,APPROVED,2023-03-24T15:48:45.490000Z,2023-03-24T15:57:46.012000Z,2023-03-24T15:57:46.476000,2023-03-24T15:57:46.393149Z,541,C14BP128,4,33,Female,White,Hungary,United Kingdom,Hungary,Hungarian,No,Part-Time
641dc67ec2cd862ee017cd52,56c6f9efb0b7a1000c5d12d7,APPROVED,2023-03-24T15:49:30.487000Z,2023-03-24T15:57:33.888000Z,2023-03-24T15:57:35.503000,2023-03-24T15:57:35.418141Z,484,C14BP128,1709,38,Male,White,United Kingdom,United Kingdom,United Kingdom,English,No,DATA_EXPIRED
641dc6c7f914779218f46fef,5f0d962b96a8fa000871c68c,APPROVED,2023-03-24T15:50:31.960000Z,2023-03-24T16:12:52.198000Z,2023-03-24T16:12:52.788000,2023-03-24T16:12:52.711953Z,1341,C14BP128,271,40,Female,White,United Kingdom,United Kingdom,United Kingdom,English,No,Full-Time
641dc72233a9b0009c4d4285,62b182ba39468032223841bb,APPROVED,2023-03-24T15:52:08.986000Z,2023-03-28T12:37:42.805000Z,2023-03-28T12:37:43.856000Z,,333934,Manual Completion,527,45,Female,White,United Kingdom,United Kingdom,United Kingdom,English,No,Part-Time
641dc7c6d08a6d6e1f547fed,595e4bef84f571000111ca04,APPROVED,2023-03-24T15:54:51.253000Z,2023-03-24T16:22:01.967000Z,2023-03-24T16:22:03.884000,2023-03-24T16:22:03.807279Z,1631,C14BP128,1994,50,Female,White,United Kingdom,United Kingdom,United Kingdom,English,No,"Not in paid work (e.g. homemaker', 'retired or disabled)"
641dc9493e1b9a96e0f678b6,5ecb6acd10d2c36e6124c9bd,APPROVED,2023-03-24T16:01:16.611000Z,2023-03-24T16:21:46.201000Z,2023-03-24T16:21:47.365000,2023-03-24T16:21:47.308801Z,1230,C14BP128,969,37,Female,White,United Kingdom,United Kingdom,United Kingdom,English,No,Full-Time
641dc9ea3613d3f94b1c2dbe,5d442839a8faa30001131e8a,APPROVED,2023-03-24T16:03:59.494000Z,2023-03-24T16:10:54.578000Z,2023-03-28T12:35:35.816000,2023-03-24T16:10:54.971817Z,416,NOCODE,1072,49,Male,White,United Kingdom,United Kingdom,United Kingdom,English,No,"Not in paid work (e.g. homemaker', 'retired or disabled)"
641dca4db263ae110e586465,5ce9b0e4be5a6b00163f6870,APPROVED,2023-03-24T16:05:33.415000Z,2023-03-24T16:36:02.031000Z,2023-03-28T12:35:38.955000,2023-03-24T16:36:02.978768Z,1829,NOCODE,2196,56,Male,White,United Kingdom,United Kingdom,United Kingdom,English,No,Full-Time
641dca7a3488642547435cea,5f0874db34894f07bd04f436,APPROVED,2023-03-24T16:07:01.684000Z,2023-03-24T16:27:14.308000Z,2023-03-24T16:27:15.091000,2023-03-24T16:27:15.026899Z,1213,C14BP128,817,43,Male,White,United Kingdom,United Kingdom,Ireland,English,No,Unemployed (and job seeking)
641dccef7be2c684b43c9d6d,63db70f5916d5b3e0e511f52,REJECTED,2023-03-24T16:16:47.545000Z,2023-03-24T16:20:44.425000Z,2023-03-28T12:38:29.194000Z,2023-03-24T16:20:44.887000Z,237,NOCODE,32,CONSENT_REVOKED,CONSENT_REVOKED,CONSENT_REVOKED,CONSENT_REVOKED,CONSENT_REVOKED,CONSENT_REVOKED,CONSENT_REVOKED,CONSENT_REVOKED,CONSENT_REVOKED
641dcd75e28836d4cc9a16f4,5c897696146e370001e063c9,APPROVED,2023-03-24T16:19:05.935000Z,2023-03-24T16:39:51.824000Z,2023-03-24T16:39:52.276000,2023-03-24T16:39:52.215298Z,1246,C14BP128,829,42,Male,White,United Kingdom,United Kingdom,United Kingdom,English,No,Full-Time
641dcda1ffb6b6694f330c20,5dcc836b6a24b5912d7c33f4,APPROVED,2023-03-24T16:19:48.021000Z,2023-03-28T12:37:40.585000Z,2023-03-28T12:37:40.760000Z,,332273,Manual Completion,877,25,Female,White,United Kingdom,United Kingdom,United Kingdom,English,No,Full-Time
641dce1359b22afbdf89e14c,5cf3ce21392ca30016117ebb,APPROVED,2023-03-24T16:21:39.348000Z,2023-04-11T15:28:33.760000Z,2023-04-11T15:28:34.087000Z,,1552015,Manual Completion,808,52,Female,White,United Kingdom,United Kingdom,United Kingdom,English,No,Unemployed (and job seeking)
641dcf893f93c79b89431021,5c4765349afd7b000196f770,APPROVED,2023-03-24T16:27:53.116000Z,2023-03-24T16:53:11.489000Z,2023-03-24T16:53:11.916000,2023-03-24T16:53:11.856951Z,1519,C14BP128,615,29,Female,White,Russian Federation,United Kingdom,Ukraine,Russian,No,Unemployed (and job seeking)
641dd28c6da3ba73156da026,5bb7a2f927fb5000013cb0e6,APPROVED,2023-03-24T16:40:51.834000Z,2023-03-24T17:09:22.300000Z,2023-03-28T12:35:57.571000,2023-03-24T17:09:22.856584Z,1711,NOCODE,1403,50,Female,White,United Kingdom,United Kingdom,United Kingdom,English,No,Full-Time
641dd3669f2f516ac0f46fb4,5cf03df5f8188000013126aa,APPROVED,2023-03-24T16:44:22.282000Z,2023-03-24T17:03:19.068000Z,2023-03-24T17:03:52.093000Z,2023-03-24T17:04:16.756940Z,1137,C14BP128,7,39,Female,DATA_EXPIRED,United Kingdom,United Kingdom,United Kingdom,English,No,DATA_EXPIRED
641dd765059c599249c5f82c,606ec7f98cb8b08a1c7620e0,APPROVED,2023-03-24T17:01:25.978000Z,2023-03-24T17:07:38.657000Z,2023-03-24T17:07:41.227000,2023-03-24T17:07:41.152957Z,373,C14BP128,918,49,Female,White,United Kingdom,United Kingdom,United Kingdom,English,Yes,Full-Time
641dd8ba319b4e7d1750e5b8,5c012e180a73f700012f3c58,APPROVED,2023-03-24T17:07:16.521000Z,2023-03-24T17:38:09.930000Z,2023-03-24T17:38:10.451000,2023-03-24T17:38:10.396881Z,1854,C14BP128,158,25,Female,Mixed,United Kingdom,United Kingdom,United Kingdom,French,No,Full-Time
641dd9d792de608ec0f937e7,5d514a73f20feb00160b5e0e,APPROVED,2023-03-24T17:11:56.599000Z,2023-03-24T17:27:21.395000Z,2023-03-24T17:27:21.993000,2023-03-24T17:27:21.912135Z,925,C14BP128,1170,34,Male,Asian,United Kingdom,United Kingdom,United Kingdom,English,No,Full-Time
641de0ac63f87eb8f96da053,58209f4785e40e00012f2a7d,APPROVED,2023-03-24T17:41:05.957000Z,2023-03-24T17:58:50.456000Z,2023-03-24T17:58:50.937000,2023-03-24T17:58:50.883089Z,1065,C14BP128,1040,31,Male,White,United Kingdom,United Kingdom,United Kingdom,English,No,Other
641de671b61457f5e0eb5f12,5e1e26bc677d6f1913ec0111,APPROVED,2023-03-24T18:06:06.624000Z,2023-03-28T12:37:58.253000Z,2023-03-28T12:37:58.435000Z,,325912,Manual Completion,1487,56,Male,White,United Kingdom,United Kingdom,United Kingdom,English,No,"Not in paid work (e.g. homemaker', 'retired or disabled)"
641de7255656444e41d17ffc,5fee24adb0feb8102643d962,APPROVED,2023-03-24T18:08:43.294000Z,2023-03-24T18:09:24.053000Z,2023-03-28T12:38:00.520000Z,2023-03-24T18:09:24.412000Z,41,5fee24adb0feb8102643d962,950,41,Female,White,United Kingdom,United Kingdom,United Kingdom,English,No,Full-Time
641de8baa7ab17c3bc98280b,5de2b0cc725abb2d8930c683,APPROVED,2023-03-24T18:15:25.608000Z,2023-03-24T18:24:37.485000Z,2023-03-24T18:24:38.045000,2023-03-24T18:24:37.939363Z,552,C14BP128,1152,55,Female,Mixed,United Kingdom,United Kingdom,United Kingdom,English,No,Full-Time
641dec0a10362bb8658a2f53,61601f0ddc31a716116888f1,APPROVED,2023-03-24T18:29:34.535000Z,2023-03-24T18:38:36.466000Z,2023-03-24T18:38:36.943000,2023-03-24T18:38:36.874822Z,542,C14BP128,421,36,Female,White,United Kingdom,United Kingdom,United Kingdom,English,No,Full-Time
641df2604915785c32318282,63d190d52bb71e0e81d868f2,APPROVED,2023-03-24T18:56:37.409000Z,2023-03-24T19:12:28.068000Z,2023-03-24T19:12:28.497000,2023-03-24T19:12:28.429671Z,951,C14BP128,83,33,Male,White,United Kingdom,United Kingdom,United Kingdom,English,No,Full-Time
641df851b20754cca22191b5,5b09360c2971540001e3e248,APPROVED,2023-03-24T19:21:53.814000Z,2023-03-24T19:56:19.963000Z,2023-03-24T19:56:27.435000Z,2023-03-24T19:56:36.838507Z,2067,C14BP128,1423,43,Male,White,Poland,United Kingdom,Poland,Polish,No,Full-Time
641e0c1f7aab27d8eec6217f,5d1b9f1b4cebc80017c1d9ca,APPROVED,2023-03-24T20:46:27.155000Z,2023-03-24T21:08:09.908000Z,2023-03-28T12:36:00.847000,2023-03-24T21:08:10.302818Z,1303,NOCODE,512,35,Male,White,United Kingdom,United Kingdom,United Kingdom,English,DATA_EXPIRED,DATA_EXPIRED
641e0ce859a1549c3a0bb9bb,62a1fd297768ca1c93288d11,APPROVED,2023-03-24T20:49:47.565000Z,2023-03-24T21:41:27.314000Z,2023-03-28T12:36:14.550000,2023-03-24T21:41:27.711150Z,3100,NOCODE,546,35,Male,White,United Kingdom,United Kingdom,United Kingdom,English,Yes,Full-Time
641e8a5cd9f726e137379ff4,56fbbcd14aaa50000da05e80,APPROVED,2023-03-25T05:45:12.411000Z,2023-03-25T05:55:07.092000Z,2023-03-25T05:55:07.542000,2023-03-25T05:55:07.483641Z,595,C14BP128,1230,37,Female,Black,Nigeria,United Kingdom,Nigeria,English,No,Full-Time
641eb00651bf3f8f53e88ccd,57b89a091e1cd400013e46fd,APPROVED,2023-03-25T08:25:53.375000Z,2023-03-25T09:19:16.659000Z,2023-03-28T12:36:11.992000,2023-03-25T09:19:17.029149Z,3204,NOCODE,460,60,Female,White,United Kingdom,United Kingdom,United Kingdom,English,DATA_EXPIRED,DATA_EXPIRED
641ebd7e9b28a7a9aa9d0f38,5d8cef3c28e183001a335ab0,APPROVED,2023-03-25T09:23:12.295000Z,2023-03-25T09:29:27.153000Z,2023-03-25T09:29:27.910000,2023-03-25T09:29:27.846394Z,375,C14BP128,2679,33,Female,White,United Kingdom,United Kingdom,United Kingdom,English,No,Full-Time
641ec5d15277937d5712f259,6307d62f2d8eece6282a3f6e,APPROVED,2023-03-25T09:58:44.260000Z,2023-03-25T10:11:18.846000Z,2023-03-25T10:11:19.288000,2023-03-25T10:11:19.226619Z,755,C14BP128,229,43,Female,White,United Kingdom,United Kingdom,United Kingdom,English,No,Other
641ed89a9ddc7dd0c4da1689,59297a236c835800011a31b3,APPROVED,2023-03-25T11:18:56.504000Z,2023-03-28T12:38:02.583000Z,2023-03-28T12:38:02.769000Z,,263947,Manual Completion,178,33,Male,White,United Kingdom,United Kingdom,United Kingdom,English,DATA_EXPIRED,DATA_EXPIRED
641eeea1b9e93d1099e19a7a,5d1905fe4d7eea00170c3f28,APPROVED,2023-03-25T12:52:49.061000Z,2023-03-25T13:11:47.990000Z,2023-03-28T12:36:19.116000,2023-03-25T13:11:48.360818Z,1139,NOCODE,647,49,Female,White,United Kingdom,United Kingdom,United Kingdom,English,No,"Not in paid work (e.g. homemaker', 'retired or disabled)"
641ef485b9ef49cdcb15f99d,5ba151aaa9e7be000135f08f,APPROVED,2023-03-25T13:18:02.461000Z,2023-03-25T13:27:29.200000Z,2023-03-28T12:36:08.086000,2023-03-25T13:27:29.567959Z,567,NOCODE,1020,37,Female,White,United Kingdom,United Kingdom,United Kingdom,English,Yes,Full-Time
641f08290a21c03347701a3e,5cbf968cac918a00159337e8,APPROVED,2023-03-25T14:41:48.116000Z,2023-03-25T14:53:23.257000Z,2023-03-25T14:53:23.693000,2023-03-25T14:53:23.620004Z,696,C14BP128,219,25,Female,White,United Kingdom,United Kingdom,United Kingdom,English,No,Full-Time
641f25e1a1569accaa62c37a,5b96b497169b86000125198e,APPROVED,2023-03-25T16:48:33.726000Z,2023-03-25T17:01:47.504000Z,2023-03-28T12:36:06.588000,2023-03-25T17:01:47.897957Z,794,NOCODE,233,50,Female,White,United Kingdom,United Kingdom,United Kingdom,English,DATA_EXPIRED,DATA_EXPIRED
641f26e3998556ec3057d692,613791ef07e699be4ebd53f8,APPROVED,2023-03-25T16:52:57.268000Z,2023-03-25T17:05:42.966000Z,2023-03-25T17:05:43.497000,2023-03-25T17:05:43.432653Z,766,C14BP128,780,53,Male,White,United Kingdom,United Kingdom,United Kingdom,English,No,"Not in paid work (e.g. homemaker', 'retired or disabled)"
641f2bf838822bab86faad6f,5b89ad4819110c0001eb707c,APPROVED,2023-03-25T17:14:32.962000Z,2023-03-25T17:20:16.359000Z,2023-03-25T17:20:16.825000,2023-03-25T17:20:16.762551Z,344,C14BP128,1254,35,Female,White,United Kingdom,United Kingdom,United Kingdom,English,No,Full-Time
641f416a49b197f007ad6971,5b1d8c8988ee7400012b2730,APPROVED,2023-03-25T18:46:05.036000Z,2023-03-25T18:57:07.127000Z,2023-03-25T18:57:07.602000,2023-03-25T18:57:07.538111Z,663,C14BP128,813,33,Female,White,United Kingdom,United Kingdom,United Kingdom,English,No,"Not in paid work (e.g. homemaker', 'retired or disabled)"
642019bb4be32b48857d87cd,62d81f26161631255f0d36bd,APPROVED,2023-03-26T10:09:05.875000Z,2023-03-26T10:18:00.930000Z,2023-03-26T10:18:01.359000,2023-03-26T10:18:01.294049Z,536,C14BP128,279,19,Male,White,United Kingdom,United Kingdom,United Kingdom,English,Yes,"Not in paid work (e.g. homemaker', 'retired or disabled)"
64203460cf5774dd64ecfbd1,5e3f63305ed1321be26ea5fe,APPROVED,2023-03-26T12:02:44.787000Z,2023-03-26T12:19:57.838000Z,2023-03-26T12:19:58.365000,2023-03-26T12:19:58.303891Z,1034,C14BP128,927,28,Female,White,Ireland,United Kingdom,Ireland,English,No,DATA_EXPIRED
64207e7db80fa1eb60cebdb4,5d5e4ae367962a00151b58f6,APPROVED,2023-03-26T17:18:53.798000Z,2023-03-26T18:29:25.227000Z,2023-03-26T18:29:25.685000,2023-03-26T18:29:25.601930Z,4232,C14BP128,780,35,Female,White,United Kingdom,United Kingdom,United Kingdom,English,No,DATA_EXPIRED
6421507df1b285be2081238a,60768467a4f8fb1d215ff60c,APPROVED,2023-03-27T08:14:56.916000Z,2023-03-27T08:22:33.833000Z,2023-03-27T08:22:34.234000,2023-03-27T08:22:34.158114Z,457,C14BP128,657,33,Female,White,United Kingdom,United Kingdom,United Kingdom,English,No,Full-Time
642151abee88543816fa5968,570ffae3736f6a00125577c5,APPROVED,2023-03-27T08:20:00.161000Z,2023-03-27T08:32:55.319000Z,2023-03-28T12:36:17.047000,2023-03-27T08:32:55.711555Z,776,NOCODE,570,40,Female,White,United Kingdom,United Kingdom,United Kingdom,English,Yes,Full-Time
64216bd46774b3cb0878cb96,6346aa206a094aebaddadf02,APPROVED,2023-03-27T10:14:50.355000Z,2023-03-27T10:27:55.973000Z,2023-03-27T10:27:56.445000,2023-03-27T10:27:56.368149Z,786,C14BP128,117,32,Male,White,Czech Republic,United Kingdom,Czech Republic,Czech,No,Full-Time
642172fb778498e755d4df10,578163a5c6144900014a0d21,APPROVED,2023-03-27T10:42:09.438000Z,2023-03-27T11:00:46.372000Z,2023-03-27T11:00:46.837000,2023-03-27T11:00:46.777742Z,1117,C14BP128,771,26,Male,White,United Kingdom,United Kingdom,United Kingdom,English,DATA_EXPIRED,DATA_EXPIRED
642183f31c3f691b5ffc37b0,5f2afec0781f2848ac688140,APPROVED,2023-03-27T11:54:42.799000Z,2023-03-27T12:32:25.983000Z,2023-03-28T12:36:04.476000,2023-03-27T12:32:26.543403Z,2264,NOCODE,251,41,Female,DATA_EXPIRED,United Kingdom,United Kingdom,United Kingdom,English,DATA_EXPIRED,DATA_EXPIRED
6421df6ab1d6580523f04fb2,5f99104474aa880009b64318,APPROVED,2023-03-27T18:24:54.916000Z,2023-03-27T18:57:33.709000Z,2023-03-27T18:57:34.115000,2023-03-27T18:57:34.055460Z,1959,C14BP128,60,47,Female,White,United Kingdom,United Kingdom,United Kingdom,English,No,"Not in paid work (e.g. homemaker', 'retired or disabled)"
64220be9707679f61b53d392,58c8497430c4cf0001ce9caf,APPROVED,2023-03-27T21:44:33.225000Z,2023-03-28T12:37:50.359000Z,2023-03-28T12:37:50.934000Z,,53598,Manual Completion,919,42,Male,Asian,DATA_EXPIRED,United Kingdom,United Kingdom,English,DATA_EXPIRED,DATA_EXPIRED
6422a830901cc61dbe1a466c,5936678267011200014d3c23,APPROVED,2023-03-28T08:41:23.919000Z,2023-03-28T12:38:06.887000Z,2023-03-28T12:38:07.056000Z,,14203,Manual Completion,1091,33,Female,White,United Kingdom,United Kingdom,United Kingdom,English,DATA_EXPIRED,DATA_EXPIRED
6422b80aa45874ca9f7016ab,6103ecec19120bbb47800858,APPROVED,2023-03-28T09:49:05.224000Z,2023-03-28T10:13:34.276000Z,2023-03-28T10:13:34.769000,2023-03-28T10:13:34.706156Z,1470,C14BP128,883,50,Male,White,United Kingdom,United Kingdom,United Kingdom,English,No,Full-Time
64231df028c2e8fab11ea1a0,5f76e2c2c75fa118deba7f46,APPROVED,2023-03-28T17:03:44.828000Z,2023-03-28T17:13:34.983000Z,2023-03-28T17:13:35.404000,2023-03-28T17:13:35.349988Z,591,C14BP128,522,42,Male,Other,Peru,United Kingdom,Peru,Spanish,No,Full-Time
64233f9fafa53d77ca6c74ed,612faedae9ff56b775e3cee5,APPROVED,2023-03-28T19:27:39.943000Z,2023-03-28T19:40:11.552000Z,2023-03-31T09:37:23.470000,2023-03-28T19:40:11.938659Z,752,NOCODE,189,32,Female,Mixed,United Kingdom,United Kingdom,United Kingdom,English,No,Part-Time
64255f27c6e2084240024fbe,56b8ad1be1d0a2000c154093,APPROVED,2023-03-30T10:06:40.331000Z,2023-03-30T10:20:13.728000Z,2023-03-31T09:37:26.923000,2023-03-30T10:20:14.134064Z,814,NOCODE,2147,60,Female,White,United Kingdom,United Kingdom,United Kingdom,English,DATA_EXPIRED,DATA_EXPIRED
6426b93d1f7e79e46dbb5454,628a119d0b74d2b456ce5201,APPROVED,2023-03-31T10:43:15.368000Z,2023-03-31T11:04:42.274000Z,2023-03-31T11:04:42.747000,2023-03-31T11:04:42.683884Z,1287,C14BP128,306,27,Female,White,United Kingdom,United Kingdom,United Kingdom,English,DATA_EXPIRED,DATA_EXPIRED
