#,How satisfied or dissatisfied are you with using the Alena app overall?,How helpful have you found the Alena app?,How likely are you to recommend the Alena app to a person who experiences similar problems?,How easy to use have you found the Alena app?,Did you get to the end of this week's recommended activities in the app?,Nothing - I completed the exercises,I did not feel like it was helping or would help me,I forgot to use it,I experienced technical difficulties (e.g. the app crashed),I found it boring,The app was not enjoyable to use (e.g. too repetitive),I did not have access to a smartphone or the internet,I was too busy or didn’t have time,I did not feel emotionally able to complete it,I found it too hard/challenging to complete,I just didn’t feel like it,Other,Have you experienced any negative effects from using the Alena app?,We are sorry to hear this. Please describe the negative effect(s) you have experienced from using the Alena app.,Please rate the severity of the negative effect(s) you have experienced from using the Alena app.,"Do you have any comments or feedback about the Alena app, in particular anything that could be improved?",I am afraid of people in authority.," I am bothered by blushing in front of people.",Parties and social events scare me.,I avoid talking to people I don't know.,Being criticized scares me a lot.,I avoid doing things or speaking to people for fear of embarrassment.,Sweating in front of people causes me distress.,I avoid going to parties.,I avoid activities in which I am the center of attention.,Talking to strangers scares me.,I avoid having to give speeches.,I would do anything to avoid being criticized.,Heart palpitations bother me when I am around people.,I am afraid of doing things when people might be watching.,Being embarrassed or looking stupid are among my worst fears.,I avoid speaking to anyone in authority.,Trembling or shaking in front of others is distressing to me.,"Because of my social anxiety, my *ability to work* is impaired.","Because of my social anxiety, my *home management* (cleaning, tidying, shopping, cooking, looking after home or children, paying bills) is impaired.","Because of my social anxiety, my *social leisure activities* (with other people, e.g. parties, bars, clubs, outings, visits, dating, home entertaining) are impaired.","Because of my social anxiety, my *private leisure activities* (done alone, such as reading, gardening, collecting, sewing, walking alone) are impaired.","Because of my social anxiety, my ability to form and maintain *close relationships *with others, including those I live with, is impaired. ",pid,phq,wsas,Start Date (UTC),Submit Date (UTC),Network ID,Tags
ktrgwj0yyp89gi4kor7yrmx25sk6dhuo,Somewhat satisfied,Somewhat helpful,Somewhat likely,Very easy to use,Yes,Nothing - I completed the exercises,,,,,,,,,,,,No,,,"In the putting into practice of the beliefs module, i initially selected I wanted to challenge a belief. I challenged that belief by doing what I said I would; it might have been nice if I could have revisited that specific one to remind me of what I had said/had options to either log a little win against that particular one or enter a little win against something new.",A little bit,A little bit,Somewhat,Extremely,Somewhat,Extremely,A little bit,A little bit,Somewhat,Somewhat,Somewhat,Not at all,A little bit,Very much,Very much,A little bit,Not at all,5,6,4,6,7,578163a5c6144900014a0d21,0.00,0.00,2023-04-14 19:20:56,2023-04-14 19:30:02,0e07d44972,
flc7lcy14xqptekowybyflc7lcyvn643,Very satisfied,Somewhat helpful,Somewhat likely,Very easy to use,Yes,Nothing - I completed the exercises,,,,,,,,,,,,No,,,"The put into practice section on week 2 could work better, maybe having these options in the recharge section. It would also be good to have an overview of the beliefs challenged to review and write an outcome/ see what beliefs still need challenging to keep track and hold yourself accountable",Not at all,A little bit,Somewhat,Somewhat,Very much,Somewhat,Somewhat,A little bit,Not at all,Somewhat,Extremely,Somewhat,A little bit,Somewhat,Very much,A little bit,Very much,1,0,3,1,5,5cbf968cac918a00159337e8,0.00,0.00,2023-04-14 13:20:44,2023-04-14 13:27:17,c2984248b3,
1ow19qqrkla7xgpc1ow19sc1laa93o91,Neither satisfied nor dissatisfied,Neither helpful nor unhelpful,Neither likely nor unlikely,Somewhat easy to use,No,,,,,I found it boring,The app was not enjoyable to use (e.g. too repetitive),,,,,,,No,,,The fishing game was so tedious. I liked the spy game but not all the bit at the end having to go thru eack of the 12 rounds to reflect. That needs to be simplified,Not at all,A little bit,A little bit,Somewhat,A little bit,A little bit,Not at all,Very much,Somewhat,A little bit,Very much,Somewhat,A little bit,A little bit,A little bit,A little bit,Not at all,2,1,5,0,6,57b89a091e1cd400013e46fd,0.00,0.00,2023-04-14 08:05:53,2023-04-14 08:11:21,c32e4d858f,
33f04hd5ib2telx6033f04u853vxma72,Somewhat satisfied,Neither helpful nor unhelpful,Somewhat likely,Very easy to use,Yes,Nothing - I completed the exercises,,,,,,,,,,,,No,,,I haven't suffered any negative effects.,A little bit,Not at all,Very much,A little bit,Very much,Somewhat,A little bit,Very much,Very much,Somewhat,Very much,Very much,Not at all,Somewhat,Very much,A little bit,Somewhat,0,1,5,0,0,5c0873675b32d500012e3f2c,0.00,0.00,2023-04-13 23:59:36,2023-04-14 00:03:41,177291f5d6,
57gyedg2j8zx8y582x57gyedgxac6cn1,Very satisfied,Very helpful,Somewhat likely,Very easy to use,Yes,Nothing - I completed the exercises,,,,,,,,,,,,No,,,"I've completed the attention section this week and been pleasantly surprised. This was really relevant to me and I've found it incredibly helpful. Where I've practised, I've found myself very calm. The app was really straightforward and explained the concept in a way that was understandable. The practice speech exercise was a great way for me to notice the difference in anxiety depending on where I directed my attention.",Somewhat,Not at all,A little bit,A little bit,Very much,Not at all,Not at all,A little bit,A little bit,Not at all,Somewhat,A little bit,Not at all,Not at all,Somewhat,A little bit,Not at all,1,0,5,0,6,60b0f00d76201e617923f93f,0.00,0.00,2023-04-13 18:59:57,2023-04-13 19:09:16,17d4e109da,
lwlatkb88a0y5zxpatlwlcxesk62tc74,Somewhat satisfied,Very helpful,Very likely,Very easy to use,No,Nothing - I completed the exercises,,,,,,,,,,,I was bedridden with high fever and didn’t have the energy to use it,No,,,,Somewhat,A little bit,Somewhat,Very much,Somewhat,Somewhat,Somewhat,Somewhat,Very much,Very much,Extremely,Somewhat,Somewhat,Very much,Somewhat,Somewhat,Very much,3,2,3,1,2,641379405684937e6fad9f1b,0.00,0.00,2023-04-13 18:48:10,2023-04-13 18:51:36,3f1a86868d,
xpjoy8x6pulrxlrhijxpjoyztsiz0fsi,Somewhat satisfied,Somewhat helpful,Very likely,Very easy to use,Yes,Nothing - I completed the exercises,,,,,,,,,,,,No,,,,A little bit,Very much,A little bit,Very much,A little bit,Somewhat,A little bit,Not at all,Very much,Somewhat,A little bit,A little bit,Somewhat,Very much,Very much,Somewhat,A little bit,0,3,3,0,4,5d5e4ae367962a00151b58f6,0.00,0.00,2023-04-13 12:43:01,2023-04-13 12:45:36,4b8f881434,
lbrin2jb2fd6u37gybjlbrin2jb5t433,Neither satisfied nor dissatisfied,Somewhat helpful,Neither likely nor unlikely,Somewhat easy to use,Yes,Nothing - I completed the exercises,,,,,,,,,,,,No,,,Not really,A little bit,Not at all,Somewhat,A little bit,A little bit,Somewhat,Somewhat,A little bit,A little bit,A little bit,A little bit,Not at all,A little bit,Somewhat,A little bit,Not at all,Somewhat,1,4,3,3,0,5f09068244f84c18faaa74bc,0.00,0.00,2023-04-13 09:56:50,2023-04-13 09:59:52,6bf6dc2a21,
7nvnan6amw4e9ltv7nvci8r8wh1ltcao,Somewhat satisfied,Somewhat helpful,Somewhat likely,Somewhat easy to use,Yes,Nothing - I completed the exercises,,,,,,,,,,,,No,,,"I think this weeks exercises over simplified the issues people have with social anxiety. The attention exercises were presented as a simple, easy fix. Its just not that easy.",Very much,Very much,Extremely,Very much,Extremely,Very much,Very much,Very much,Very much,Very much,Extremely,Very much,Very much,Very much,Extremely,Very much,Very much,1,1,7,2,4,5c897696146e370001e063c9,0.00,0.00,2023-04-12 19:59:17,2023-04-12 20:03:45,91e78947cb,
tnfkxamevr46hyvq6jttstnfkxawtkbr,Somewhat dissatisfied,Somewhat unhelpful,Somewhat unlikely,Very easy to use,Yes,Nothing - I completed the exercises,,,,,,,,,,,,No,,,The fishing game is VERY long,Somewhat,Very much,Very much,Very much,Very much,Very much,Not at all,Very much,Very much,Very much,Very much,Very much,Not at all,Very much,Very much,Very much,Somewhat,0,0,6,0,6,622e73ee8e552144c702f353,0.00,0.00,2023-04-12 18:25:35,2023-04-12 19:03:29,5cee8e94ff,
4nhwl1gz2eibc37v24nhwlrykvs7cp5u,Somewhat satisfied,Very helpful,Somewhat likely,Very easy to use,Yes,Nothing - I completed the exercises,,,,,,,,,,,,No,,,"On the whole, my experience this week has been positive and some of the thought processes that I have been suggested have really helped",Somewhat,Somewhat,Very much,Very much,Somewhat,Very much,Somewhat,Extremely,Extremely,Very much,Somewhat,Somewhat,A little bit,Very much,Somewhat,Somewhat,A little bit,6,2,8,0,8,56c6f9efb0b7a1000c5d12d7,0.00,0.00,2023-04-12 16:37:59,2023-04-12 16:40:40,478c47df8d,
329f26rylwacxl2m64w4x329f26rh89h,Somewhat satisfied,Somewhat helpful,Somewhat likely,Very easy to use,No,,,,,,,,I was too busy or didn’t have time,,,,I'm not quite sure what exercises I am supposed to complete each week.,No,,,"It would be useful to show recomm activities for the week. It would also be good if the rumination section worked. I noticed that the app requires an upgrade, so if there has been a patch to fix this, please let me know and I'll be happy to try it again and see if it works now.",Somewhat,Extremely,Somewhat,Somewhat,Very much,Very much,Very much,Somewhat,Extremely,Not at all,Extremely,Very much,A little bit,Somewhat,Very much,Somewhat,Extremely,4,4,4,1,1,595e4bef84f571000111ca04,0.00,0.00,2023-04-12 15:11:58,2023-04-12 15:19:26,6ad33865e9,
osoae8bpbwd4bfehc18z2f1eosoae5lm,Somewhat satisfied,Very helpful,Very likely,Somewhat easy to use,Yes,Nothing - I completed the exercises,,,,,,,,,,,,No,,,,Somewhat,Somewhat,A little bit,Very much,Somewhat,A little bit,Very much,Somewhat,Very much,A little bit,Somewhat,Somewhat,A little bit,Somewhat,Very much,A little bit,Somewhat,2,2,6,1,2,5f76e2c2c75fa118deba7f46,0.00,0.00,2023-04-12 13:13:01,2023-04-12 13:16:30,7f03cc515f,
ku7w51xhal7kuvbvyhekku7w518admrk,Very satisfied,Somewhat helpful,Very likely,Somewhat easy to use,Yes,Nothing - I completed the exercises,,,,,,,,,,,,No,,,,Very much,Very much,Very much,Very much,Extremely,Extremely,Very much,Extremely,Extremely,Extremely,Extremely,Extremely,Very much,Very much,Extremely,Very much,Very much,5,6,8,6,7,5360c37cfdf99b02ccc08fcb,0.00,0.00,2023-04-12 13:07:19,2023-04-12 13:15:39,00059cb585,
rfin7buc53hugrrfiknvo2pmc347f4hm,Somewhat satisfied,Somewhat helpful,Somewhat likely,Somewhat easy to use,Yes,Nothing - I completed the exercises,,,,,,,,,,,,No,,,Not sure,Somewhat,Very much,Extremely,Very much,Extremely,Extremely,Very much,Extremely,Extremely,Very much,Extremely,Very much,Extremely,Extremely,Very much,Somewhat,Very much,7,7,7,4,6,5fc63e053cf83c06341ac94a,0.00,0.00,2023-04-12 12:57:15,2023-04-12 12:59:55,33387c67dc,
gvsd92aivyqfat9ys823gvsd92aergg2,Neither satisfied nor dissatisfied,Somewhat helpful,Somewhat unlikely,Somewhat easy to use,Yes,Nothing - I completed the exercises,,,,,,,,,,,,No,,,Sometimes the questions are slightly ambiguous-I found the putting into practice hard as I didn’t really know what to do and I didn’t really want to reflect as it felt a bit forced,A little bit,Extremely,A little bit,A little bit,Very much,Extremely,Very much,A little bit,Very much,A little bit,Extremely,Very much,A little bit,A little bit,Very much,A little bit,Somewhat,0,0,2,0,3,63dff8bf03e29837eef8a379,0.00,0.00,2023-04-12 11:05:07,2023-04-12 11:09:05,bd4616b3cb,
j922vt9eulzbivua26j922vm4czwknmu,Very satisfied,Very helpful,Very likely,Very easy to use,No,,,,,,,,,I did not feel emotionally able to complete it,,,,Yes,Just the usual slight stress of focusing on my feelings of anxiety.,Very mild,Slight negative effect previously mentioned have been outweighed by the positive feeling that I have made progress. Thank you.,Somewhat,Somewhat,Very much,Somewhat,Somewhat,Somewhat,A little bit,Somewhat,Very much,Somewhat,Extremely,A little bit,Somewhat,Somewhat,Somewhat,A little bit,A little bit,6,0,5,0,4,5ce9b0e4be5a6b00163f6870,0.00,0.00,2023-04-12 08:42:17,2023-04-12 08:50:00,3044ef390b,
792n0rma4uxge3tfbu792ni52gw4t0us,Somewhat dissatisfied,Somewhat unhelpful,Somewhat unlikely,Somewhat easy to use,Yes,Nothing - I completed the exercises,,,,,,,,,,,,No,,,,A little bit,Very much,Very much,Somewhat,Extremely,Very much,Not at all,Somewhat,Very much,Very much,Extremely,Extremely,Not at all,Somewhat,Very much,A little bit,Not at all,3,3,7,4,5,5c462f70f5bbb70001b2f902,0.00,0.00,2023-04-12 08:23:25,2023-04-12 08:26:56,d26a4e4740,
e261wk0ck3f1zjwhe266veivr7pqm6ee,Somewhat satisfied,Somewhat helpful,Somewhat likely,Neither easy to use nor difficult to use,Yes,Nothing - I completed the exercises,,,,,,,,,,,,No,,,"It wasn’t apparent that you had to do more than one of the options on ‘put it into practice’. I was slightly confused why it wasn’t completed after picking one option. Also on one of the options I had to write a ‘belief’ but as I had learnt what a belief was a week prior I forgot what it meant, so maybe put a little info but before filling it out to remind the user of what it is.",Somewhat,Extremely,Extremely,Very much,Extremely,Very much,Somewhat,Very much,Extremely,Very much,Extremely,Very much,Somewhat,Very much,Extremely,Somewhat,Very much,6,2,8,1,8,612faedae9ff56b775e3cee5,0.00,0.00,2023-04-11 22:43:47,2023-04-11 22:51:00,1bff100b0c,
ori1nld0am45l8a5lori1cjbawu441n6,Neither satisfied nor dissatisfied,Somewhat helpful,Somewhat likely,Somewhat easy to use,Yes,Nothing - I completed the exercises,,,,,,,,,,,,No,,,"too much uses headphones, its not good to do in social settings e.g. on the train",Not at all,A little bit,Very much,Very much,Very much,Very much,Not at all,Extremely,Extremely,Extremely,Extremely,Extremely,Not at all,Extremely,Extremely,Not at all,Not at all,6,6,6,6,6,60bceb1dcefc0afe67041489,0.00,0.00,2023-04-11 22:12:06,2023-04-11 22:17:41,02513cc7cc,
hwx27s9c7dmsqoobp6tuhwx27srom2ed,Somewhat satisfied,Somewhat helpful,Neither likely nor unlikely,Somewhat easy to use,No,,,,,,,,I was too busy or didn’t have time,,,,,No,,,,A little bit,A little bit,Very much,Not at all,Very much,Somewhat,A little bit,Very much,Very much,Not at all,Extremely,Somewhat,A little bit,Very much,Somewhat,Not at all,Very much,0,6,7,6,8,63e812a9bbba876a34f1a8b3,0.00,0.00,2023-04-11 21:52:02,2023-04-11 21:55:28,438aaae84f,
sc5w37dzqfyog8xlssc5w3j1y5hchqah,Very satisfied,Very helpful,Somewhat likely,Very easy to use,Yes,Nothing - I completed the exercises,,,,,,,,,,,Found it difficult to carve out quiet time,I'm not sure,,,I like the inclusion of the ability to change the speed of listening audio. This is something I might have needed sometimes but I haven’t used it while I have been engaging with the exercises. The voice is also just right.,A little bit,Not at all,Extremely,Somewhat,A little bit,Somewhat,Very much,Extremely,Extremely,Somewhat,Extremely,Somewhat,Somewhat,Very much,Very much,A little bit,Very much,7,5,8,3,5,5d1905fe4d7eea00170c3f28,0.00,0.00,2023-04-11 21:24:05,2023-04-11 21:32:44,1a80445270,
29hqyqkxypjbnq47reuyt29hqyqkcn94,Somewhat satisfied,Somewhat helpful,Very likely,Somewhat easy to use,No,,,,,,,,,,,,Easter school holidays and bad connection,No,,,More audio to listen to repeatedly,A little bit,Very much,Very much,Somewhat,Very much,Very much,Somewhat,Extremely,Extremely,Somewhat,Extremely,Very much,Very much,Very much,Very much,A little bit,Somewhat,7,6,8,5,7,6307d62f2d8eece6282a3f6e,0.00,0.00,2023-04-11 21:19:29,2023-04-11 21:22:10,0132095132,
riub3j0ghem9zbu52lriub3jfan6u15m,Neither satisfied nor dissatisfied,Neither helpful nor unhelpful,Somewhat unlikely,Very easy to use,Yes,Nothing - I completed the exercises,,,,,,,,,,,,No,,,I thought the fish exercise was very long and my attention soon was short. I just wanted to get to the end and wasn’t paying much attention to the actual exercise,A little bit,Very much,Extremely,Very much,Very much,Very much,Extremely,Very much,Very much,Very much,Extremely,Very much,Not at all,Not at all,Very much,Not at all,Not at all,0,0,5,0,5,5f0d962b96a8fa000871c68c,0.00,0.00,2023-04-11 20:39:23,2023-04-11 20:42:18,6839e6591d,
qchqqza3o7g29bgqsduwbqchqqzu0uhz,Neither satisfied nor dissatisfied,Somewhat helpful,Somewhat likely,Very easy to use,Yes,Nothing - I completed the exercises,,I forgot to use it,,I found it boring,,,I was too busy or didn’t have time,I did not feel emotionally able to complete it,,,,No,,,"I found some of the activities almost condescending. The fishing game, for example. Perhaps the value of positive affirmations isn’t dependent on whether or not I find the activity juvenile or irritating… but I found it both. And pointlessly repetitive. Actual games are enjoyable because they combine elements of skill and chance.",Very much,Not at all,Somewhat,Somewhat,Very much,Very much,Not at all,Very much,Extremely,A little bit,Extremely,Very much,Not at all,Extremely,Very much,Extremely,A little bit,7,4,8,8,8,5f0874db34894f07bd04f436,0.00,0.00,2023-04-11 20:04:39,2023-04-11 20:09:49,dcbac42dc5,
qeih2u1pz4g73ny6qejl4kbvzv9pl13b,Somewhat dissatisfied,Somewhat unhelpful,Neither likely nor unlikely,Very difficult to use,No,,I did not feel like it was helping or would help me,,,,,,,,,I just didn’t feel like it,,No,,,You have to remove the audio only sections it is an accessibility barrier to me using the tool.,A little bit,Not at all,Somewhat,Very much,Somewhat,A little bit,Not at all,Extremely,Somewhat,Somewhat,Very much,Somewhat,Not at all,Somewhat,Somewhat,Somewhat,Not at all,2,1,2,0,0,5cb8d06a75c0e10001540418,0.00,0.00,2023-04-11 19:23:01,2023-04-11 19:26:18,c9f06d7468,
i7ugc2cto8lhrui73xvqf2awnqout146,Somewhat satisfied,Somewhat helpful,Somewhat likely,Very easy to use,No,,,,,,,,,,,,Felt stuck when asked to record myself. Plan to try it again tho.,No,,,The ladies voices is lovely and calming.,Very much,Very much,Very much,Somewhat,Extremely,Somewhat,Extremely,Extremely,Very much,A little bit,Very much,Very much,Somewhat,Very much,Extremely,Somewhat,Very much,7,7,7,7,5,5cf03df5f8188000013126aa,0.00,0.00,2023-04-11 18:52:52,2023-04-11 19:00:45,bc39032b51,
sh0bc5aythzkovt1x6sh0bewxklx85jz,Somewhat satisfied,Somewhat helpful,Somewhat likely,Somewhat easy to use,Yes,Nothing - I completed the exercises,,,,,,,,,,,,No,,,N/a,Somewhat,Somewhat,Very much,Very much,Somewhat,Very much,Very much,Very much,Extremely,Very much,Extremely,Very much,Very much,Very much,Somewhat,Very much,Very much,3,5,6,4,6,60768467a4f8fb1d215ff60c,0.00,0.00,2023-04-11 18:55:47,2023-04-11 18:57:45,341521fbde,
abg02hqpyr5a2py6u7y3yabg02hu1i17,Very satisfied,Somewhat helpful,Very likely,Very easy to use,Yes,Nothing - I completed the exercises,,,,,,,,,,,,No,,,,A little bit,Very much,Very much,Somewhat,Very much,Somewhat,Very much,Somewhat,Somewhat,A little bit,Very much,Very much,A little bit,Somewhat,Somewhat,A little bit,A little bit,3,2,3,2,3,5f1c62b6554a0f4f129c75fd,0.00,0.00,2023-04-11 18:22:53,2023-04-11 18:24:47,831f29bbb7,
jgk37wywhfsg1qjg6u3z9cpchfqsbz37,Somewhat satisfied,Somewhat helpful,Somewhat likely,Somewhat easy to use,No,,,,,,,,I was too busy or didn’t have time,,,,,No,,,,Somewhat,Not at all,Somewhat,A little bit,A little bit,A little bit,A little bit,Somewhat,Somewhat,A little bit,A little bit,A little bit,A little bit,Somewhat,Somewhat,A little bit,Somewhat,5,2,5,1,6,5d514a73f20feb00160b5e0e,0.00,0.00,2023-04-11 18:13:27,2023-04-11 18:17:14,b684b3c50e,
t310jexr6hxibqscktt310e3hm06njjw,Somewhat satisfied,Somewhat helpful,Somewhat likely,Very easy to use,No,,,,I experienced technical difficulties (e.g. the app crashed),,,,,,,,,No,,,,Very much,A little bit,Very much,Very much,Somewhat,Very much,Very much,Very much,Very much,Very much,Very much,Very much,Somewhat,Somewhat,Very much,Very much,Somewhat,2,2,7,3,3,63ea42504d477a5fc21236d4,0.00,0.00,2023-04-11 18:03:19,2023-04-11 18:07:21,7c1841d9fd,
hslsugcfm3zq2ppdhslsugxy7w3zio84,Very satisfied,Somewhat helpful,Somewhat likely,Somewhat easy to use,Yes,,,,I experienced technical difficulties (e.g. the app crashed),,,,,,,,,No,,,,Very much,Somewhat,Somewhat,Extremely,Extremely,Very much,Very much,Extremely,Extremely,Extremely,Extremely,Extremely,Extremely,Extremely,Very much,Very much,Extremely,7,7,7,7,7,56c393c495cf7f000b956b25,0.00,0.00,2023-04-11 17:18:43,2023-04-11 17:23:20,e331f7b42b,
vnadejxdg01u684hur1cl050vnadejxt,Very satisfied,Very helpful,Very likely,Very easy to use,Yes,Nothing - I completed the exercises,,,,,,,,,,,,No,,,It was a very good app. Very helpful and I have already recommended it to someone I know,Very much,Not at all,Very much,Very much,Very much,Somewhat,Not at all,Very much,Very much,Very much,Extremely,Very much,Not at all,Very much,Somewhat,Very much,Not at all,7,1,6,2,5,63718368eb248cc9835e70ff,0.00,0.00,2023-04-11 17:18:56,2023-04-11 17:23:05,e75b6b6713,
9ftjppefcvppop5a63s9rr9ftjppef75,Very satisfied,Very helpful,Very likely,Very easy to use,Yes,Nothing - I completed the exercises,,,,,,,,,,,,No,,,Non - I'm really enjoying using it. It is very helpful and I have already recommended it to someone else,Very much,Not at all,Very much,Very much,Very much,Extremely,Not at all,Very much,Very much,Very much,Extremely,Very much,Not at all,Somewhat,Somewhat,A little bit,Not at all,5,2,7,1,2,63718368eb248cc9835e70ff,0.00,0.00,2023-04-11 17:08:48,2023-04-11 17:12:06,e75b6b6713,
29h1jshuxnadfun0p29h15mfv8n2q7hz,Somewhat dissatisfied,Somewhat helpful,Somewhat likely,Very easy to use,Yes,,,,,I found it boring,,,,,,,,No,,,The fishing game was so tedious. I just started hitting random buttons in the end. It went on way too long.,Not at all,Extremely,Somewhat,A little bit,Extremely,Very much,Extremely,A little bit,Extremely,Somewhat,Extremely,Very much,Somewhat,Somewhat,Extremely,Somewhat,Somewhat,6,1,2,0,2,5c322f84508b7a0001fcb70d,0.00,0.00,2023-04-11 16:57:26,2023-04-11 17:00:39,3791d0c405,
spm366c7dng2vg3jd8ispm36g084ldrm,Somewhat satisfied,Somewhat helpful,Somewhat likely,Somewhat easy to use,Yes,Nothing - I completed the exercises,,,,,,,,,,,,No,,,Nothing,A little bit,Somewhat,Somewhat,Somewhat,Very much,Very much,A little bit,Very much,Very much,A little bit,Extremely,Very much,A little bit,A little bit,Somewhat,A little bit,A little bit,1,1,2,2,4,63d190d52bb71e0e81d868f2,0.00,0.00,2023-04-11 16:46:49,2023-04-11 16:48:54,8592e7a967,
5gcs36uy5dpl2j4g4e7a5gcs36u896yj,Somewhat satisfied,Somewhat helpful,Somewhat likely,Somewhat easy to use,No,,,I forgot to use it,,,,,I was too busy or didn’t have time,I did not feel emotionally able to complete it,,,,No,,,No,A little bit,Not at all,Somewhat,A little bit,A little bit,Not at all,Not at all,A little bit,A little bit,A little bit,A little bit,Somewhat,Not at all,Somewhat,Very much,A little bit,A little bit,3,3,6,5,7,5f85f0cab3f4e20ebf578203,0.00,0.00,2023-04-11 16:44:24,2023-04-11 16:47:13,cac76104eb,
lklvjad78bh0yat0lklvja8wac09h8g8,Somewhat satisfied,Somewhat helpful,Somewhat likely,Very easy to use,Yes,Nothing - I completed the exercises,,,,,,,,,,,,No,,,I can't think of anything.,A little bit,Not at all,Extremely,Extremely,Not at all,Somewhat,Not at all,Extremely,Extremely,Somewhat,Extremely,Not at all,Not at all,A little bit,Not at all,Very much,Very much,6,6,8,0,6,56b8ad1be1d0a2000c154093,0.00,0.00,2023-04-11 16:42:02,2023-04-11 16:45:29,06a8283cdc,
305i7qu0tc02jkk305i7omkvzsdh08je,Somewhat satisfied,Very helpful,Very likely,Very easy to use,Yes,Nothing - I completed the exercises,,,,,,,,,,,,No,,,,A little bit,Very much,A little bit,Somewhat,Extremely,Somewhat,Somewhat,A little bit,Somewhat,Somewhat,A little bit,Somewhat,Somewhat,Very much,Extremely,Not at all,Very much,2,1,1,0,1,6346aa206a094aebaddadf02,0.00,0.00,2023-04-11 16:18:44,2023-04-11 16:21:12,79a10946d6,
9ds2lo14qu8yk56rxzpfg9ds2lo1dwq5,Neither satisfied nor dissatisfied,Neither helpful nor unhelpful,Somewhat likely,Somewhat easy to use,Yes,Nothing - I completed the exercises,,,,,,,,,,,,No,,,No comments really,Somewhat,A little bit,Very much,Somewhat,Somewhat,Somewhat,Somewhat,Very much,Very much,Somewhat,Very much,Somewhat,Somewhat,Very much,Somewhat,A little bit,Very much,5,4,7,5,7,5f99104474aa880009b64318,0.00,0.00,2023-04-11 16:04:17,2023-04-11 16:07:44,90a3d57a8c,
yx1e7jcrzmiog7gfyx7g4via5lpxr0rs,Neither satisfied nor dissatisfied,Neither helpful nor unhelpful,Neither likely nor unlikely,Somewhat easy to use,Yes,Nothing - I completed the exercises,,,,,,,,,,,,No,,,,Somewhat,A little bit,Very much,Very much,Very much,Very much,A little bit,Very much,Somewhat,Very much,Extremely,Somewhat,Somewhat,Somewhat,A little bit,Somewhat,A little bit,5,3,5,3,4,58209f4785e40e00012f2a7d,0.00,0.00,2023-04-11 15:57:52,2023-04-11 16:00:11,1305d8498c,
9rjut9syrlft0lzi9rjlbf0rmwrk09il,Somewhat satisfied,Somewhat helpful,Somewhat likely,Somewhat easy to use,No,,,,,,,,I was too busy or didn’t have time,,,,,No,,,,Somewhat,A little bit,Somewhat,A little bit,A little bit,A little bit,A little bit,A little bit,A little bit,A little bit,A little bit,A little bit,A little bit,A little bit,Somewhat,A little bit,A little bit,3,0,2,3,3,63d13d214a2a7a3987f88f5b,0.00,0.00,2023-04-11 15:21:51,2023-04-11 15:23:58,c9e0642ffb,
26tclhnfzyw181p1d5w26tchmn22rq0b,Neither satisfied nor dissatisfied,Somewhat unhelpful,Somewhat unlikely,Very easy to use,No,,I did not feel like it was helping or would help me,,,,,,I was too busy or didn’t have time,,,,,No,,,Notifications throughout the week,Somewhat,Somewhat,Somewhat,Very much,Extremely,Somewhat,A little bit,Not at all,Extremely,A little bit,Extremely,Very much,A little bit,Very much,Somewhat,Somewhat,Somewhat,0,0,6,0,7,5ec5b2f06ec5296104b51897,0.00,0.00,2023-04-11 14:11:17,2023-04-11 14:31:27,8146af6e9e,
ibd0s3lvq3izf7far3rcaibd0sd42vbp,Neither satisfied nor dissatisfied,Neither helpful nor unhelpful,Somewhat unlikely,Very easy to use,Yes,Nothing - I completed the exercises,,,,,,,,,,,,No,,,N/A,A little bit,A little bit,Very much,Very much,Very much,Very much,Very much,Very much,Extremely,Very much,Extremely,Somewhat,Somewhat,Extremely,Extremely,Very much,Very much,1,0,7,0,0,63d140059a1a559c554e7e68,0.00,0.00,2023-04-11 14:26:48,2023-04-11 14:29:18,25d980d830,
x1mnv6cxp0osgx9288e6x1mnv6yifizn,Neither satisfied nor dissatisfied,Neither helpful nor unhelpful,Neither likely nor unlikely,Somewhat easy to use,No,,I did not feel like it was helping or would help me,,,I found it boring,,,I was too busy or didn’t have time,I did not feel emotionally able to complete it,,,,No,,,No,A little bit,Extremely,Very much,Extremely,Extremely,Extremely,Extremely,Very much,Extremely,Very much,Extremely,Very much,Extremely,Extremely,Extremely,Extremely,Extremely,7,0,6,0,0,56b0e4d16399f9000ad8d48f,0.00,0.00,2023-04-11 14:23:28,2023-04-11 14:25:26,8e74ed8992,
3nmqtkge3y2ax3wx4xmhu3nmqtkb822a,Somewhat satisfied,Somewhat helpful,Very likely,Very easy to use,No,,,,,,,,I was too busy or didn’t have time,,,,,No,,,,Very much,Very much,Very much,Extremely,Extremely,Extremely,Very much,Extremely,Extremely,Extremely,Very much,Extremely,Extremely,Extremely,Extremely,Extremely,Extremely,6,4,7,7,7,5d82034b49f7b600197e5315,0.00,0.00,2023-04-11 14:23:32,2023-04-11 14:25:21,2c034fde77,
5fms3ttlkrtmd3srp00wtp5fms3ttl3f,Very satisfied,Somewhat helpful,Neither likely nor unlikely,Very easy to use,Yes,Nothing - I completed the exercises,,,,,,,,,,,,Yes,Some of the exercises made me feel uncomfortable especially the guided meditation ones,Moderate,Just having subtitles for the audio,Not at all,Not at all,Very much,Not at all,Not at all,A little bit,Not at all,Extremely,Very much,Not at all,Extremely,Not at all,Very much,Not at all,Not at all,Not at all,Extremely,5,5,7,6,3,5b96b497169b86000125198e,0.00,0.00,2023-04-11 14:19:18,2023-04-11 14:22:28,4ff0b09706,
k3ffuudi6vuhmm80k3r1z4wnaqu0bkiv,Very satisfied,Somewhat helpful,Very likely,Very easy to use,Yes,Nothing - I completed the exercises,,,,,,,,,,,,No,,,,Somewhat,Not at all,Somewhat,Somewhat,Very much,Very much,Not at all,Very much,Very much,Somewhat,Very much,Very much,A little bit,Somewhat,Very much,Somewhat,Not at all,2,1,4,1,3,62b182ba39468032223841bb,0.00,0.00,2023-04-11 14:16:26,2023-04-11 14:18:47,9c26dc67cc,
rr6grmowbbgecle7qyrr6grmo9vldqw9,Neither satisfied nor dissatisfied,Neither helpful nor unhelpful,Neither likely nor unlikely,Very easy to use,No,,,,,,,,,I did not feel emotionally able to complete it,,,,No,,,It works well,Not at all,A little bit,Very much,Extremely,A little bit,Somewhat,A little bit,Extremely,Extremely,Very much,Extremely,A little bit,Not at all,A little bit,A little bit,Not at all,Not at all,0,0,7,0,0,6103ecec19120bbb47800858,0.00,0.00,2023-04-11 14:06:29,2023-04-11 14:09:47,6cc44352ca,
fmzjmkfcos7zuuom3glfmzjmkls6oweg,Very satisfied,Very helpful,Very likely,Somewhat easy to use,Yes,Nothing - I completed the exercises,,,,,,,,,,,,No,,,,Not at all,A little bit,A little bit,Very much,A little bit,A little bit,A little bit,Not at all,Extremely,Very much,Extremely,A little bit,Not at all,A little bit,Not at all,Not at all,A little bit,0,0,0,0,0,5efcf0c805671e11376ae93f,0.00,0.00,2023-04-11 14:06:10,2023-04-11 14:07:58,1a63b637bb,
w9pq69j3qvf5x8g6tkw9pq69jtbai6uk,Neither satisfied nor dissatisfied,Neither helpful nor unhelpful,Somewhat unlikely,Somewhat easy to use,No,,,I forgot to use it,,I found it boring,The app was not enjoyable to use (e.g. too repetitive),,I was too busy or didn’t have time,,,,,No,,,,A little bit,A little bit,Extremely,Very much,Very much,Very much,Extremely,Extremely,Extremely,Very much,Extremely,Very much,Somewhat,Very much,Extremely,Somewhat,Very much,5,4,8,1,8,5f075086646b9a32a8238dba,0.00,0.00,2023-04-11 14:00:16,2023-04-11 14:02:32,797c55a434,
mbo8ljbe36cykcmbo8s0wws3y2g86g9e,Somewhat satisfied,Somewhat helpful,Somewhat likely,Neither easy to use nor difficult to use,Yes,,,,,,,,,I did not feel emotionally able to complete it,,,,No,,,,A little bit,A little bit,A little bit,A little bit,A little bit,A little bit,A little bit,A little bit,A little bit,A little bit,Somewhat,A little bit,Somewhat,A little bit,A little bit,A little bit,A little bit,2,2,2,2,2,62b5fea64b239d91783414ff,0.00,0.00,2023-04-11 13:41:55,2023-04-11 13:51:14,ac328b26ae,
waym86n7b00mj1wayma7ix4wf7b6h0sc,Very satisfied,Somewhat helpful,Very likely,Very easy to use,Yes,Nothing - I completed the exercises,,,,,,,,,,,,No,,,None re this week's section,A little bit,Not at all,Very much,A little bit,A little bit,A little bit,Not at all,Extremely,Somewhat,Somewhat,A little bit,Not at all,Not at all,A little bit,A little bit,A little bit,Not at all,3,3,7,0,6,5f19675f002f9a01e273dc57,0.00,0.00,2023-04-11 13:28:15,2023-04-11 13:31:13,2a9afbb800,
j59era4d1rhidje95efvftqj59era4m6,Somewhat satisfied,Somewhat helpful,Somewhat likely,Very easy to use,Yes,Nothing - I completed the exercises,,,,,,,,,,,,No,,,Could be useful if you add live chat to an agent to help with anxiety at the moment you experience it.,Somewhat,Not at all,Not at all,Very much,Somewhat,Very much,A little bit,Not at all,Extremely,Very much,Extremely,A little bit,Not at all,Somewhat,Somewhat,Somewhat,A little bit,2,0,0,0,0,612a87998958706392797405,0.00,0.00,2023-04-11 13:10:30,2023-04-11 13:16:04,59534ab5fb,
g409pyh5a6f2wqs0itg409ph4qxkkywg,Somewhat satisfied,Somewhat helpful,Somewhat likely,Very easy to use,Yes,Nothing - I completed the exercises,,,,,,,,,,,,No,,,,Somewhat,Very much,Very much,Somewhat,Very much,Somewhat,Somewhat,Very much,Very much,Somewhat,Very much,Very much,Somewhat,Very much,Somewhat,Somewhat,Very much,3,1,6,3,4,59f392ef9618dc0001d33a58,0.00,0.00,2023-04-11 13:07:40,2023-04-11 13:11:04,70a41d336e,
6jz9hzsc6jeno6jzuswi9stwqs1nqy8d,Somewhat satisfied,Somewhat helpful,Neither likely nor unlikely,Somewhat easy to use,No,,,,,,The app was not enjoyable to use (e.g. too repetitive),,I was too busy or didn’t have time,,,,,No,,,Transcripts options instead of audio.,A little bit,Somewhat,Very much,Very much,Somewhat,Very much,A little bit,Very much,Extremely,Somewhat,Very much,A little bit,Somewhat,Very much,Somewhat,Not at all,A little bit,1,1,6,0,1,5b87c3f9e88caf0001b79375,0.00,0.00,2023-04-11 12:59:13,2023-04-11 13:02:20,85b19aff86,
e5oh48wsof9u71s508ee5ohsen7sv2pu,Very satisfied,Somewhat helpful,Very likely,Somewhat easy to use,Yes,Nothing - I completed the exercises,,,,,,,,,,,,Yes,I found myself rethinking my Traumatic period .,Mild,After completing tasks I would like to see a positive quote to boost my mental health .,A little bit,Somewhat,Very much,Somewhat,Very much,Very much,Somewhat,Extremely,Very much,Somewhat,Somewhat,Somewhat,Very much,Somewhat,Very much,Somewhat,Somewhat,6,3,7,4,4,5f2afec0781f2848ac688140,0.00,0.00,2023-04-11 12:57:23,2023-04-11 13:00:41,7f305a9575,
o569h6eqm44g0o5693lp9tfgjt26a91b,Somewhat satisfied,Somewhat helpful,Very likely,Very easy to use,Yes,Nothing - I completed the exercises,,,,,,,,,,,,No,,,,Somewhat,Somewhat,Somewhat,Somewhat,Extremely,Very much,Somewhat,Somewhat,Somewhat,Somewhat,Somewhat,Very much,Somewhat,Somewhat,Somewhat,Somewhat,A little bit,0,0,5,0,6,628a119d0b74d2b456ce5201,0.00,0.00,2023-04-11 12:44:56,2023-04-11 12:48:30,0638a4351f,
atx9r73dm19ha3q0ioatx9r7khves511,Very satisfied,Very helpful,Very likely,Very easy to use,Yes,Nothing - I completed the exercises,,,,,,,,,,,,No,,,No,A little bit,Somewhat,A little bit,Very much,Somewhat,Somewhat,Very much,A little bit,Extremely,A little bit,Extremely,Very much,A little bit,Very much,Somewhat,A little bit,Not at all,1,0,3,1,3,5ecb6acd10d2c36e6124c9bd,0.00,0.00,2023-04-11 12:42:07,2023-04-11 12:46:41,0edff34f4a,
obi2zqlszz6xvmf8ygmobi28uwtqe5lo,Very satisfied,Somewhat helpful,Very likely,Very easy to use,Yes,Nothing - I completed the exercises,,,,,,,,,,,,No,,,"I think maybe notifications during the day to check in on how your feeling, I forget the app is on my phone to use",A little bit,Extremely,Extremely,Extremely,Extremely,Extremely,Extremely,Very much,Extremely,Extremely,Extremely,Extremely,Extremely,Extremely,Extremely,Extremely,Extremely,8,4,6,6,5,570ffae3736f6a00125577c5,0.00,0.00,2023-04-11 12:42:55,2023-04-11 12:45:57,8682c06267,
0gfebr58j65h09m9620gfstii6k9oaqj,Somewhat satisfied,Somewhat helpful,Neither likely nor unlikely,Very easy to use,Yes,Nothing - I completed the exercises,,,,,,,,,,,,No,,,,A little bit,Somewhat,Very much,Very much,Very much,Very much,Somewhat,Somewhat,Very much,Very much,Extremely,Very much,Not at all,Very much,Very much,Somewhat,Not at all,0,0,3,0,1,62b055a21e169809861b173d,0.00,0.00,2023-04-11 12:39:32,2023-04-11 12:41:39,834c411f0d,
u42fbshwmg8lvow8cmo4i7u42fbsh3cr,Somewhat satisfied,Somewhat helpful,Somewhat likely,Very easy to use,Yes,Nothing - I completed the exercises,,,,,,,,,,,,No,,,I did not like the talking out loud scenario in 'attention' - I was likely to be put off by this as I hate speaking aloud alone.,Somewhat,Extremely,Extremely,Somewhat,Somewhat,Very much,Very much,Extremely,Extremely,Somewhat,Extremely,Somewhat,A little bit,Very much,Extremely,Somewhat,Very much,3,1,7,0,4,5876428ceae9d5000140eb16,0.00,0.00,2023-04-11 12:30:12,2023-04-11 12:34:13,b27e798f79,
9hx5gxbso66wxki05r9u9hx5gk3bp9tt,Somewhat satisfied,Very helpful,Very likely,Somewhat easy to use,Yes,Nothing - I completed the exercises,,,,,,,,,,,,No,,,I still have the same problem where I can't see what I have typed. It is behind the keyboard on the screen. I have to come off the answer and then go back into it.,Very much,Very much,Very much,Very much,Very much,Very much,Very much,Very much,Extremely,Very much,Extremely,Extremely,Somewhat,Extremely,Extremely,Extremely,Extremely,8,0,4,0,0,5cf3ce21392ca30016117ebb,0.00,0.00,2023-04-11 12:20:30,2023-04-11 12:25:14,c8baa6bb44,
sa73f0o6ij5wypcahnosa7fp2junotmw,Very satisfied,Very helpful,Somewhat likely,Somewhat easy to use,Yes,Nothing - I completed the exercises,,,,,,,,,,,,No,,,"It would be great to have all the challenges logged in one place, so we can return to them once we've challenged ourselves with an experiment. Otherwise I sometimes forget what I wrote down.",Very much,Somewhat,A little bit,A little bit,Extremely,Not at all,Very much,Not at all,Not at all,Not at all,Very much,Not at all,Not at all,A little bit,A little bit,A little bit,A little bit,7,1,3,0,1,5c012e180a73f700012f3c58,0.00,0.00,2023-04-11 12:11:23,2023-04-11 12:15:32,55165ddf1a,
820hr181zix35820hr11x1lty48l7btw,Somewhat satisfied,Somewhat helpful,Somewhat likely,Somewhat easy to use,Yes,Nothing - I completed the exercises,,,,,,,,,,,,No,,,,Somewhat,Very much,A little bit,Somewhat,Very much,Very much,Very much,Not at all,Somewhat,Somewhat,Extremely,Somewhat,Somewhat,Very much,Extremely,A little bit,Somewhat,1,0,1,0,0,606dc9d8b666d8ce1dc6167b,0.00,0.00,2023-04-11 11:54:37,2023-04-11 11:57:07,f64ec1eb6b,
wlyjitge250kn671oi8wlyjitxjquzyn,Somewhat satisfied,Somewhat helpful,Very likely,Very easy to use,Yes,Nothing - I completed the exercises,,,,,,,,,,,,No,,,I couldn't work out how to view things I'd written in the app. It would be useful to go back and review what I'd previously reported or documented,Very much,A little bit,Somewhat,A little bit,Extremely,Somewhat,Not at all,A little bit,Extremely,A little bit,Extremely,Very much,Not at all,Extremely,Somewhat,Extremely,Not at all,8,2,6,2,5,613f1d6420141eefc3e5f1b0,0.00,0.00,2023-04-11 11:52:10,2023-04-11 11:56:54,e41092934c,
jqil8jehfgv1igqhe8nvjqil4oddq400,Somewhat satisfied,Somewhat helpful,Neither likely nor unlikely,Somewhat easy to use,No,,,,,,,,,,,,Have covid,No,,,,Not at all,A little bit,Very much,Very much,Somewhat,Extremely,Very much,Extremely,Extremely,Very much,Extremely,Very much,Somewhat,Very much,Very much,Not at all,Not at all,3,6,6,6,6,6400ddd5862feacb5794750b,0.00,0.00,2023-04-11 11:50:56,2023-04-11 11:53:40,8acaee5ab8,
ex1damz6an11r8zelex1dam19u65pbto,Very satisfied,Very helpful,Very likely,Somewhat easy to use,Yes,Nothing - I completed the exercises,,,,,,,,,,,,No,,,,Not at all,Extremely,Extremely,Extremely,Very much,Very much,Very much,Very much,Very much,Very much,Extremely,Very much,Very much,Very much,Very much,Very much,Very much,7,1,7,6,7,61601f0ddc31a716116888f1,0.00,0.00,2023-04-11 11:40:22,2023-04-11 11:46:32,043c63f62b,
xsg6eoco4e0b7ce3bkk9z2xsg6eocx3i,Somewhat satisfied,Neither helpful nor unhelpful,Neither likely nor unlikely,Somewhat easy to use,Yes,Nothing - I completed the exercises,,,,,,,,,,,,No,,,Sometimes there is a lot of auditory tasks which is okay in small doses but they can be very long which is a little overwhelming,Somewhat,A little bit,Somewhat,Somewhat,Very much,Somewhat,A little bit,Somewhat,Somewhat,Somewhat,A little bit,A little bit,Somewhat,Somewhat,Somewhat,Very much,Somewhat,5,1,2,0,5,60de4cc94dfda4d9e1948e6d,0.00,0.00,2023-04-11 11:32:33,2023-04-11 11:34:37,07b207cccb,
pifteijtqjq2pyxawjpiszpqces6qnsp,Somewhat satisfied,Somewhat helpful,Somewhat likely,Very easy to use,No,,,,,,,,I was too busy or didn’t have time,,,,,No,,,None at the min,A little bit,A little bit,Somewhat,Somewhat,Somewhat,Somewhat,Very much,Somewhat,Extremely,Somewhat,Extremely,Very much,A little bit,Somewhat,Somewhat,Somewhat,Somewhat,1,2,4,3,7,5a0a0b3afe645f0001e9f296,0.00,0.00,2023-04-11 11:22:58,2023-04-11 11:30:42,393151778e,
t4h4waz8mrow7ag0rouk33t4h4wcinmx,Very satisfied,Very helpful,Very likely,Very easy to use,Yes,Nothing - I completed the exercises,,,,,,,,,,,,No,,,"Nothing, other than that I'm really enjoying using it. It's bringing things to light that I always suspected about myself and my social anxiety, and is actually helping me to confront it, rather than suppress it.",A little bit,Somewhat,A little bit,Somewhat,Somewhat,A little bit,Very much,Somewhat,Somewhat,A little bit,A little bit,Somewhat,A little bit,A little bit,Somewhat,A little bit,A little bit,2,0,1,0,1,5d1b9f1b4cebc80017c1d9ca,0.00,0.00,2023-04-11 11:23:07,2023-04-11 11:27:33,d2b46938ce,
okthlz2te2yre32pgdokthl7uqzffg9j,Somewhat satisfied,Somewhat helpful,Somewhat likely,Very easy to use,Yes,Nothing - I completed the exercises,,,,,,,,,,,,No,,,The listening sections are sometimes a little long,Somewhat,Not at all,A little bit,Not at all,Somewhat,Somewhat,Not at all,A little bit,Very much,Not at all,Extremely,Very much,Not at all,Very much,Somewhat,Somewhat,Not at all,2,0,2,1,2,5d8cef3c28e183001a335ab0,0.00,0.00,2023-04-11 11:19:40,2023-04-11 11:22:27,3f1a633a27,
xcgkx1e7x6rx9clgb3k51jxcgkx1e7xe,Somewhat satisfied,Very helpful,Very likely,Somewhat easy to use,Yes,,,,,,,,,,,I just didn’t feel like it,,No,,,,Somewhat,A little bit,A little bit,Very much,Extremely,Very much,A little bit,A little bit,A little bit,Very much,Very much,Very much,A little bit,Extremely,Extremely,Somewhat,Very much,2,2,1,0,1,63cff1f3f6837928721fe2ef,0.00,0.00,2023-04-11 11:12:06,2023-04-11 11:15:16,095276b004,
rjqmwsog42mj6tcxkrjqmwsw7k1zalm5,Somewhat satisfied,Somewhat helpful,Somewhat likely,Very easy to use,Yes,,,,,,,,,I did not feel emotionally able to complete it,,,,I'm not sure,,,,Not at all,Somewhat,Very much,Somewhat,A little bit,Somewhat,Somewhat,Very much,Extremely,Somewhat,Extremely,A little bit,A little bit,Somewhat,Very much,Somewhat,Somewhat,8,6,8,0,5,59839cb9554956000142d95f,0.00,0.00,2023-04-11 11:11:38,2023-04-11 11:14:28,1b454e35ff,
4f4apw0599ftoynaoy4f4kyqoxo8dbf6,Very satisfied,Very helpful,Somewhat likely,Somewhat easy to use,No,,,I forgot to use it,,,,,I was too busy or didn’t have time,,,,,No,,,Thank you I will continue with the app when I have 5 minutes free.,A little bit,Somewhat,Somewhat,Somewhat,Somewhat,Somewhat,Somewhat,Somewhat,Extremely,Somewhat,Extremely,A little bit,Somewhat,Somewhat,Somewhat,Somewhat,Somewhat,2,0,2,0,0,582086da97b5100001b9b830,0.00,0.00,2023-04-11 10:47:27,2023-04-11 10:58:29,18260623d5,
1i8r92bcydk1lzrgyloxh1i8r92b915u,Somewhat satisfied,Very helpful,Very likely,Very easy to use,No,,,I forgot to use it,,,,,I was too busy or didn’t have time,,,,,No,,,"I think the games are very interesting and are different to other apps for anxiety I've tried. It makes me want to keep using the app and seeing what is next. The exercises that are designed to be repeated are really useful, but it would be good if these were signposted so that it was easier to go back to them.",Somewhat,Not at all,Somewhat,Extremely,Extremely,Very much,Not at all,A little bit,Very much,Very much,Extremely,Very much,Not at all,Very much,Very much,Somewhat,Not at all,3,2,4,1,3,5c93de86cf602b000170c25d,0.00,0.00,2023-04-11 10:42:44,2023-04-11 10:47:48,c44a871401,
4umw8bazmxpkobwki4umw8bz54425c0e,Somewhat satisfied,Somewhat helpful,Somewhat likely,Very easy to use,Yes,,I did not feel like it was helping or would help me,I forgot to use it,,,,,,,,,,No,,,None,Somewhat,Not at all,Somewhat,Very much,Very much,Very much,A little bit,Somewhat,Somewhat,Somewhat,Very much,Very much,A little bit,Very much,Somewhat,Somewhat,A little bit,6,4,8,2,5,5ef647ec3ce68a1178780f5a,0.00,0.00,2023-04-11 10:36:11,2023-04-11 10:44:54,4ffd047acd,
2jdetfnjthefe352jdek8m4ctqmj35yi,Very satisfied,Somewhat helpful,Very likely,Very easy to use,Yes,Nothing - I completed the exercises,,,,,,,,,,,,No,,,"No, everything works fine",Very much,Somewhat,Extremely,Extremely,Very much,Extremely,Extremely,Extremely,Extremely,Very much,Extremely,Very much,Somewhat,Very much,Very much,Very much,Somewhat,8,4,6,2,2,5c4765349afd7b000196f770,0.00,0.00,2023-04-11 10:38:37,2023-04-11 10:41:14,5e9fc70162,
u9dzx5mxb2t1squ9dowxd8mznfxu5bwi,Very satisfied,Very helpful,Very likely,Very easy to use,Yes,Nothing - I completed the exercises,,,,,,,,,,,,No,,,,Not at all,Somewhat,Very much,Somewhat,Extremely,Very much,Not at all,Very much,Extremely,Very much,Extremely,Somewhat,A little bit,Extremely,Not at all,Not at all,Not at all,0,0,3,0,0,5eb9697b651aca0436adfe9d,0.00,0.00,2023-04-11 10:34:05,2023-04-11 10:36:13,c6404816a6,
s7yuob8mdi7c399t8odms7yuobtftbwx,Somewhat satisfied,Somewhat helpful,Somewhat likely,Very easy to use,Yes,Nothing - I completed the exercises,,,,,,,,,,,,No,,,,A little bit,Extremely,Very much,Somewhat,Extremely,Very much,Very much,Somewhat,Somewhat,Somewhat,Extremely,Extremely,Very much,Somewhat,Extremely,Somewhat,Very much,1,0,6,0,3,5d990479ab3e03001624c314,0.00,0.00,2023-04-11 10:14:10,2023-04-11 10:16:33,c17d5114b2,
rcjatwqeerjdx03odgrcjaprdozcp5ho,Very satisfied,Very helpful,Somewhat likely,Very easy to use,Yes,Nothing - I completed the exercises,,,,,,,,,,,,No,,,,Somewhat,A little bit,A little bit,Very much,Very much,Somewhat,Somewhat,A little bit,Somewhat,Very much,Extremely,Very much,Not at all,Very much,Very much,Very much,Very much,5,0,0,0,0,5e3f63305ed1321be26ea5fe,0.00,0.00,2023-04-11 10:12:04,2023-04-11 10:14:45,d94d04e5fb,
65r01c3r7c6zp8f65rl0jpmdqxvt9cmb,Somewhat satisfied,Somewhat helpful,Somewhat likely,Very easy to use,Yes,Nothing - I completed the exercises,,,,,,,,,,,,No,,,"The ""applying it to your life"" audio is not showing as completed even though I completed it",A little bit,Extremely,Somewhat,Very much,Very much,Somewhat,A little bit,Extremely,Very much,Very much,Very much,A little bit,Not at all,Very much,Somewhat,A little bit,Not at all,1,0,7,0,3,623478b74666adc4ae9be6ab,0.00,0.00,2023-04-11 10:05:32,2023-04-11 10:08:46,8ad92fa734,
4f42vysto01gbm654f42vyxbr04v3rj9,Somewhat dissatisfied,Somewhat unhelpful,Neither likely nor unlikely,Somewhat difficult to use,Yes,,I did not feel like it was helping or would help me,,,I found it boring,,,,,,,,No,,,I think the Belief section needs more work. I didn’t find it engaging.,Very much,Somewhat,Very much,Very much,Very much,Very much,Somewhat,Very much,Very much,Very much,Very much,Very much,Somewhat,Very much,Very much,Very much,Somewhat,6,6,6,1,6,5aafb6f2e1546900019b0772,0.00,0.00,2023-04-11 09:51:16,2023-04-11 09:55:03,2499026ba4,
e2fhvgkni9jkdtmmaze2fhvfymoid91o,Somewhat satisfied,Neither helpful nor unhelpful,Somewhat likely,Somewhat easy to use,Yes,Nothing - I completed the exercises,,,,,,,,,,,,No,,,,A little bit,Somewhat,Extremely,Very much,Extremely,Very much,Very much,Extremely,Extremely,Very much,Extremely,Very much,Very much,Extremely,Very much,Somewhat,Very much,0,2,5,0,4,5d2b08784588590018cf70bb,0.00,0.00,2023-04-11 09:49:18,2023-04-11 09:51:35,1966818b40,
n4xdialekzdh58wwzuh5yin4x1r6ojhk,Somewhat satisfied,Somewhat helpful,Very likely,Somewhat easy to use,Yes,Nothing - I completed the exercises,,,,,,,,,,,,No,,,,A little bit,Not at all,A little bit,Somewhat,Very much,Somewhat,Not at all,Somewhat,Somewhat,Somewhat,Very much,Very much,Not at all,A little bit,Very much,A little bit,Not at all,4,2,4,5,4,5f28196752b92a0a83d7a9db,0.00,0.00,2023-04-11 09:43:01,2023-04-11 09:47:25,b312241547,
if2tu9j73l9gy1pxqso4c2fif2tu9j9x,Somewhat satisfied,Somewhat helpful,Somewhat likely,Very easy to use,No,,,,,,,,,I did not feel emotionally able to complete it,,,,No,,,"I like it, sometimes though I'm not in the right frame of mind to write much. This sometimes makes me not bother with it",Somewhat,Somewhat,Somewhat,Very much,Somewhat,Very much,Very much,Very much,Very much,Very much,Extremely,Somewhat,Somewhat,Very much,Very much,Somewhat,Very much,6,7,7,5,7,62a3b97d41ae082b602e815b,0.00,0.00,2023-04-11 09:41:36,2023-04-11 09:45:48,75fda06aca,
t5dmg7mw0bwrlkng0t5dmg7c9z2fkg9z,Very satisfied,Somewhat helpful,Neither likely nor unlikely,Very easy to use,Yes,,,,,,,,,,,,no issues,No,,,no problems with this block,Somewhat,Somewhat,Somewhat,A little bit,Very much,Somewhat,Somewhat,Somewhat,Very much,A little bit,Somewhat,Very much,Very much,Somewhat,Very much,Somewhat,Somewhat,1,1,4,1,2,606ec7f98cb8b08a1c7620e0,0.00,0.00,2023-04-11 09:38:12,2023-04-11 09:40:53,6bc7a105e6,
8l6q4iyfu3sdxxcs1jgv8l6q4j1hu92e,Somewhat satisfied,Somewhat helpful,Somewhat likely,Very easy to use,Yes,Nothing - I completed the exercises,,,,,,,,,,,,No,,,With the belief exercise I struggled to find a situation to use as an experiment. It might be useful to have some suggested situations offered to you in the app.,Somewhat,A little bit,Very much,Very much,Extremely,Extremely,Extremely,Very much,Extremely,Very much,Very much,Extremely,Somewhat,Extremely,Extremely,Somewhat,Very much,7,5,7,4,4,636928ef51cdaf360bebba1e,0.00,0.00,2023-04-11 09:30:24,2023-04-11 09:35:33,0231d1594f,
5nb7f3uxs5dqkl34s05nb7rkctpmwe9t,Somewhat satisfied,Somewhat helpful,Somewhat likely,Very easy to use,Yes,,I did not feel like it was helping or would help me,,,,,,,,,,,No,,,It’s helped me reflect on the issues I have and gave my fears. I’m not there yet but it’s helping.,Not at all,Somewhat,Very much,Very much,Very much,Very much,Very much,Very much,Extremely,Extremely,Very much,A little bit,Very much,Very much,Extremely,A little bit,Extremely,2,0,6,7,7,56fbbcd14aaa50000da05e80,0.00,0.00,2023-04-11 09:24:09,2023-04-11 09:28:04,93c59d37dc,
tw5ah66fbxz40o68otw5aofondy14219,Somewhat satisfied,Somewhat helpful,Neither likely nor unlikely,Very easy to use,Yes,Nothing - I completed the exercises,,,,,,,,,,,,No,,,,Not at all,Somewhat,A little bit,Somewhat,Extremely,Somewhat,Not at all,Somewhat,A little bit,A little bit,Somewhat,Very much,Somewhat,Very much,Extremely,Not at all,Somewhat,2,0,6,0,5,5b89ad4819110c0001eb707c,0.00,0.00,2023-04-11 09:23:21,2023-04-11 09:27:07,3e1db74366,
191cj8a0rnmiz4v1915oxjruwwv1jzi9,Somewhat satisfied,Somewhat helpful,Very likely,Very easy to use,Yes,Nothing - I completed the exercises,,,,,,,,,,,,No,,,,Not at all,Very much,Somewhat,A little bit,Very much,Very much,Somewhat,Somewhat,Somewhat,A little bit,Very much,Somewhat,Somewhat,A little bit,A little bit,Not at all,Very much,3,0,5,0,2,62b1eaacbc6e41266c8c35f1,0.00,0.00,2023-04-11 09:22:16,2023-04-11 09:25:00,f53ff0dfc2,
tle7rfsr0y6rtle7rdm90yun1w58znxq,Very satisfied,Somewhat helpful,Very likely,Very easy to use,Yes,Nothing - I completed the exercises,,,,,,,,,,,,No,,,Very easy to use,A little bit,Somewhat,Somewhat,A little bit,Somewhat,A little bit,Not at all,Very much,Very much,A little bit,Extremely,Somewhat,A little bit,Extremely,Extremely,A little bit,Not at all,0,0,6,0,2,5bb7a2f927fb5000013cb0e6,0.00,0.00,2023-04-11 09:17:44,2023-04-11 09:24:24,73496ebd9e,
1hxqejcrs0xtu0jh1hxqep2mrsjd81n2,Somewhat satisfied,Somewhat helpful,Somewhat likely,Very easy to use,Yes,Nothing - I completed the exercises,,,,,,,,,,,,No,,,None that I can think of,Not at all,A little bit,Somewhat,Very much,Very much,Somewhat,Somewhat,Somewhat,Very much,Very much,Extremely,Very much,A little bit,Very much,Very much,Somewhat,A little bit,2,2,4,2,1,5ede01a612a7d6000bf2316f,0.00,0.00,2023-04-11 09:19:48,2023-04-11 09:22:20,fa92bd3c1e,
rcot9jzln7zwdux8cimrcot9jtrl5jnt,Very satisfied,Very helpful,Very likely,Very easy to use,Yes,Nothing - I completed the exercises,,,,,,,,,,,,No,,,no,A little bit,Very much,Very much,Very much,Somewhat,Very much,Somewhat,Very much,Extremely,Somewhat,Extremely,A little bit,A little bit,Somewhat,Somewhat,A little bit,A little bit,1,0,2,0,1,5b09360c2971540001e3e248,0.00,0.00,2023-04-11 09:17:50,2023-04-11 09:20:34,3aa82378d0,
e2ux55h0qifpjge2ux5va9l3haitsm1m,Very satisfied,Very helpful,Very likely,Very easy to use,Yes,Nothing - I completed the exercises,,,,,,,,,,,,No,,,"I found it very easy to use, I enjoy using the recharge section which really helps after stressful day at work.",Somewhat,Extremely,Extremely,Very much,Extremely,Extremely,Extremely,Extremely,Extremely,Very much,Extremely,Somewhat,Very much,Somewhat,Extremely,Somewhat,Extremely,6,2,8,8,5,595ceea8dd044900012ce64a,0.00,0.00,2023-04-11 09:10:40,2023-04-11 09:17:50,b2b1873014,
exohrwoa10astmqizv5exohrwoobycsi,Somewhat satisfied,Somewhat helpful,Somewhat likely,Very easy to use,Yes,Nothing - I completed the exercises,,,,,,,,,,,,No,,,No,A little bit,Very much,Extremely,Extremely,Extremely,Extremely,Somewhat,Extremely,Extremely,Extremely,Extremely,Extremely,Somewhat,Very much,Very much,A little bit,Very much,4,6,6,6,7,5d442839a8faa30001131e8a,0.00,0.00,2023-04-11 09:11:42,2023-04-11 09:13:38,5fffb6d290,
dzu4b1w8q9e1ddshnqhrrdzu4b1l7abd,Very satisfied,Somewhat helpful,Very likely,Somewhat easy to use,Yes,Nothing - I completed the exercises,,,,,,,,,,,,No,,,Possibly a few more examples so users know exactly what is being asked when completing the beliefs part,A little bit,A little bit,Somewhat,Somewhat,A little bit,Very much,Very much,Somewhat,Extremely,A little bit,Extremely,Somewhat,A little bit,Very much,Somewhat,A little bit,Very much,3,1,5,1,4,6154918f83e8ca861b23ea04,0.00,0.00,2023-04-11 09:03:45,2023-04-11 09:09:25,bd3a5bf919,
dm468adon3fong0evepox5dm468adonm,Somewhat satisfied,Very helpful,Somewhat likely,Somewhat easy to use,Yes,Nothing - I completed the exercises,,,,,,,,,,,,No,,,Could maybe provide links to YouTube videos that help with anxiety in each section,Somewhat,A little bit,Very much,Somewhat,Somewhat,Somewhat,Somewhat,Very much,Very much,Somewhat,Very much,Somewhat,A little bit,Somewhat,Very much,Somewhat,Somewhat,3,4,7,2,7,64137087a26baa97a1348ce7,0.00,0.00,2023-04-11 09:03:46,2023-04-11 09:09:01,9114e0a126,
uh87nwfg8rmpfi1wwuh87k49vpvcl3zf,Very satisfied,Somewhat helpful,Very likely,Very easy to use,Yes,Nothing - I completed the exercises,,,,,,,,,,,,No,,,,A little bit,Not at all,Extremely,Very much,Very much,Very much,Not at all,Extremely,Very much,Somewhat,Extremely,Somewhat,Not at all,Somewhat,Somewhat,Very much,Not at all,0,0,7,0,8,5adec594e0feeb0001cacf00,0.00,0.00,2023-04-11 09:05:44,2023-04-11 09:08:48,41b900fb8b,
wui3ehvtyft29athewui3e2tfzzk0g1a,Somewhat satisfied,Somewhat helpful,Very likely,Very easy to use,Yes,Nothing - I completed the exercises,,,,,,,,,,,,No,,,When completing the beliefs section they kind of disappear. I realised they could be found in the history but they weren't labelled so I had to go through them all to find the entry I wanted. Would help if these were given labels even for the 'little wins' etc rather than all being the same for all the beliefs entered.,Not at all,Not at all,Extremely,Extremely,Extremely,Extremely,Very much,Extremely,Extremely,Very much,Extremely,Extremely,Very much,Extremely,Extremely,Extremely,Very much,0,2,8,0,8,5718a9c4dd9ef10013df01f0,0.00,0.00,2023-04-11 09:03:28,2023-04-11 09:08:17,423dc5187c,
scnbhnyoebj5pdvv9jpr70xscnbhnpqo,Very satisfied,Somewhat helpful,Very likely,Very easy to use,Yes,Nothing - I completed the exercises,,,,,,,,,,,,No,,,I like the app and the exercises to challenge my thoughts and feelings,A little bit,Extremely,Very much,Somewhat,Extremely,Very much,Extremely,Somewhat,Extremely,Very much,Extremely,Very much,Not at all,Very much,Very much,Somewhat,Not at all,2,1,6,6,4,5ba151aaa9e7be000135f08f,0.00,0.00,2023-04-11 09:05:00,2023-04-11 09:07:03,d5caf2239e,
yec2sk6gdstlgwyec2shl4sa1qbtxwif,Very satisfied,Very helpful,Very likely,Very easy to use,Yes,Nothing - I completed the exercises,,,,,,,,,,,,No,,,,A little bit,A little bit,A little bit,Somewhat,A little bit,Somewhat,Somewhat,A little bit,A little bit,A little bit,A little bit,A little bit,A little bit,A little bit,A little bit,A little bit,A little bit,5,6,5,5,5,62a1fd297768ca1c93288d11,0.00,0.00,2023-04-11 09:04:51,2023-04-11 09:06:03,2eb31868d7,
8vv93e6fu8gndlhuehy8m2m8vv93encd,Somewhat satisfied,Very helpful,Somewhat likely,Very easy to use,Yes,,,I forgot to use it,,,,,,,,,,No,,,None,Not at all,A little bit,A little bit,A little bit,Somewhat,Very much,A little bit,A little bit,Very much,A little bit,Very much,Very much,Not at all,A little bit,Somewhat,Not at all,A little bit,1,0,1,1,1,62c7e2035db496124cf69b56,0.00,0.00,2023-04-11 09:03:15,2023-04-11 09:05:43,2529548be0,
wnjd10awa8xhzn4svo6stwnjd10frpkt,Very satisfied,Very helpful,Very likely,Very easy to use,Yes,Nothing - I completed the exercises,,,,,,,,,,,,No,,,Not found anything I feel needs improving yet. It's very simple to use and broken down into small manageable sections.,Somewhat,Very much,Very much,Extremely,Somewhat,Very much,Very much,Very much,Very much,Very much,Extremely,Somewhat,A little bit,Very much,Somewhat,Somewhat,Somewhat,6,1,7,1,2,62da562ad9942a440f6986c9,0.00,0.00,2023-04-11 09:01:13,2023-04-11 09:05:28,872839c592,
mm8auxsi367k8tbmm82si4g0varmeb3l,Somewhat satisfied,Somewhat helpful,Very likely,Somewhat easy to use,Yes,Nothing - I completed the exercises,,,,,,,,,,,,No,,,It would be nice to have visuals as well as the commentary,Somewhat,Somewhat,Very much,Very much,Very much,Very much,Not at all,Very much,Very much,Very much,Extremely,Somewhat,A little bit,Somewhat,Very much,Very much,Not at all,4,0,3,0,4,63d410b23af251fc009202cb,0.00,0.00,2023-04-11 09:02:43,2023-04-11 09:05:23,8b7c430801,
8988vlfgc6qcu5xutugv8988vy4e5x20,Very satisfied,Very helpful,Very likely,Very easy to use,Yes,Nothing - I completed the exercises,,,,,,,,,,,,No,,,"I love the app, it’s easy to use and very helpful with great information and even games! No there’s nothing I think needs improving from what I saw this week",Very much,Very much,Somewhat,Very much,Extremely,Very much,Very much,Very much,Extremely,Very much,Somewhat,Very much,Very much,Very much,Very much,Somewhat,Very much,7,1,4,1,2,5edca29654fe059801608fc0,0.00,0.00,2023-04-11 09:01:41,2023-04-11 09:05:00,85a9530b4e,
qwtvz67qoat66q42150hfvqwtvz6sugt,Very satisfied,Very helpful,Very likely,Very easy to use,Yes,Nothing - I completed the exercises,,,,,,,,,,,,No,,,Not really I found it really clear and useful,Somewhat,Very much,Very much,Somewhat,Extremely,Somewhat,Extremely,Very much,Very much,Somewhat,Extremely,Extremely,Extremely,Extremely,Extremely,A little bit,Very much,6,6,8,6,7,5bddfba7712eb800010d3a61,0.00,0.00,2023-04-11 09:01:12,2023-04-11 09:04:18,f354a3ca03,
flh4jkp6f1698blzhzxethflh4zcxp9r,Somewhat dissatisfied,Somewhat unhelpful,Somewhat unlikely,Somewhat difficult to use,No,,,I forgot to use it,,,,,,,,,,No,,,No,Somewhat,Extremely,Very much,Very much,Very much,Extremely,Extremely,Very much,Very much,Extremely,Very much,Very much,Extremely,Very much,Extremely,Very much,Very much,1,1,1,8,6,5f778d553167a12eae0e1c00,0.00,0.00,2023-04-11 09:02:36,2023-04-11 09:04:02,111c853f59,
3jm0ap1g6ca94jre8d6lx3jm0a2i92se,Very satisfied,Very helpful,Very likely,Very easy to use,Yes,Nothing - I completed the exercises,,,,,,,,,,,,No,,,,Somewhat,Somewhat,Very much,Very much,Very much,Very much,Somewhat,Somewhat,Very much,Very much,Very much,Very much,Somewhat,Somewhat,Very much,Very much,Somewhat,4,1,3,1,3,59e675a6c0d35a00012951ce,0.00,0.00,2023-04-11 09:01:56,2023-04-11 09:03:43,6c0d7bc7af,
sv5e5yxa2vq1q7lvm5q548sv5e5y1gwa,Very satisfied,Very helpful,Somewhat likely,Very easy to use,Yes,Nothing - I completed the exercises,,,,,,,,,,,,No,,,,A little bit,Somewhat,Somewhat,Somewhat,Somewhat,Somewhat,Somewhat,Very much,Somewhat,Somewhat,Extremely,A little bit,Somewhat,Very much,Somewhat,Not at all,A little bit,2,3,6,3,4,6400d919945d23676a68b781,0.00,0.00,2023-04-11 09:01:57,2023-04-11 09:03:42,cce853aa75,
